"observationDay","team","cumPos"
2020-08-01,"ARI",0
2020-08-01,"ATL",0
2020-08-01,"BAL",0
2020-08-01,"BUF",0
2020-08-01,"CAR",0
2020-08-01,"CHI",0
2020-08-01,"CIN",0
2020-08-01,"CLE",0
2020-08-01,"DAL",0
2020-08-01,"DEN",0
2020-08-01,"DET",0
2020-08-01,"GB",0
2020-08-01,"HOU",0
2020-08-01,"IND",0
2020-08-01,"JAX",0
2020-08-01,"KC",0
2020-08-01,"LAC",0
2020-08-01,"LAR",0
2020-08-01,"LV",0
2020-08-01,"MIA",0
2020-08-01,"MIN",0
2020-08-01,"NE",0
2020-08-01,"NO",0
2020-08-01,"NYG",0
2020-08-01,"NYJ",0
2020-08-01,"PHI",0
2020-08-01,"PIT",0
2020-08-01,"SEA",0
2020-08-01,"SF",0
2020-08-01,"TB",0
2020-08-01,"TEN",0
2020-08-01,"WAS",0
2020-08-02,"ARI",0
2020-08-02,"ATL",0
2020-08-02,"BAL",0
2020-08-02,"BUF",0
2020-08-02,"CAR",0
2020-08-02,"CHI",0
2020-08-02,"CIN",0
2020-08-02,"CLE",0
2020-08-02,"DAL",0
2020-08-02,"DEN",0
2020-08-02,"DET",0
2020-08-02,"GB",0
2020-08-02,"HOU",0
2020-08-02,"IND",0
2020-08-02,"JAX",0
2020-08-02,"KC",0
2020-08-02,"LAC",0
2020-08-02,"LAR",0
2020-08-02,"LV",0
2020-08-02,"MIA",0
2020-08-02,"MIN",0
2020-08-02,"NE",0
2020-08-02,"NO",0
2020-08-02,"NYG",0
2020-08-02,"NYJ",0
2020-08-02,"PHI",0
2020-08-02,"PIT",0
2020-08-02,"SEA",0
2020-08-02,"SF",0
2020-08-02,"TB",0
2020-08-02,"TEN",0
2020-08-02,"WAS",0
2020-08-03,"ARI",0
2020-08-03,"ATL",0
2020-08-03,"BAL",0
2020-08-03,"BUF",0
2020-08-03,"CAR",0
2020-08-03,"CHI",0
2020-08-03,"CIN",0
2020-08-03,"CLE",0
2020-08-03,"DAL",0
2020-08-03,"DEN",0
2020-08-03,"DET",0
2020-08-03,"GB",0
2020-08-03,"HOU",0
2020-08-03,"IND",0
2020-08-03,"JAX",0
2020-08-03,"KC",0
2020-08-03,"LAC",0
2020-08-03,"LAR",0
2020-08-03,"LV",0
2020-08-03,"MIA",0
2020-08-03,"MIN",0
2020-08-03,"NE",0
2020-08-03,"NO",0
2020-08-03,"NYG",0
2020-08-03,"NYJ",0
2020-08-03,"PHI",0
2020-08-03,"PIT",0
2020-08-03,"SEA",0
2020-08-03,"SF",0
2020-08-03,"TB",0
2020-08-03,"TEN",0
2020-08-03,"WAS",0
2020-08-04,"ARI",0
2020-08-04,"ATL",0
2020-08-04,"BAL",0
2020-08-04,"BUF",0
2020-08-04,"CAR",0
2020-08-04,"CHI",0
2020-08-04,"CIN",0
2020-08-04,"CLE",0
2020-08-04,"DAL",0
2020-08-04,"DEN",0
2020-08-04,"DET",0
2020-08-04,"GB",0
2020-08-04,"HOU",0
2020-08-04,"IND",0
2020-08-04,"JAX",0
2020-08-04,"KC",0
2020-08-04,"LAC",0
2020-08-04,"LAR",0
2020-08-04,"LV",0
2020-08-04,"MIA",0
2020-08-04,"MIN",0
2020-08-04,"NE",0
2020-08-04,"NO",0
2020-08-04,"NYG",0
2020-08-04,"NYJ",0
2020-08-04,"PHI",0
2020-08-04,"PIT",0
2020-08-04,"SEA",0
2020-08-04,"SF",0
2020-08-04,"TB",0
2020-08-04,"TEN",0
2020-08-04,"WAS",0
2020-08-05,"ARI",0
2020-08-05,"ATL",0
2020-08-05,"BAL",0
2020-08-05,"BUF",0
2020-08-05,"CAR",0
2020-08-05,"CHI",0
2020-08-05,"CIN",0
2020-08-05,"CLE",0
2020-08-05,"DAL",0
2020-08-05,"DEN",0
2020-08-05,"DET",0
2020-08-05,"GB",0
2020-08-05,"HOU",0
2020-08-05,"IND",0
2020-08-05,"JAX",0
2020-08-05,"KC",0
2020-08-05,"LAC",0
2020-08-05,"LAR",0
2020-08-05,"LV",0
2020-08-05,"MIA",0
2020-08-05,"MIN",0
2020-08-05,"NE",0
2020-08-05,"NO",0
2020-08-05,"NYG",0
2020-08-05,"NYJ",0
2020-08-05,"PHI",0
2020-08-05,"PIT",0
2020-08-05,"SEA",0
2020-08-05,"SF",0
2020-08-05,"TB",0
2020-08-05,"TEN",0
2020-08-05,"WAS",0
2020-08-06,"ARI",0
2020-08-06,"ATL",0
2020-08-06,"BAL",0
2020-08-06,"BUF",0
2020-08-06,"CAR",0
2020-08-06,"CHI",0
2020-08-06,"CIN",0
2020-08-06,"CLE",0
2020-08-06,"DAL",0
2020-08-06,"DEN",0
2020-08-06,"DET",0
2020-08-06,"GB",0
2020-08-06,"HOU",0
2020-08-06,"IND",0
2020-08-06,"JAX",0
2020-08-06,"KC",0
2020-08-06,"LAC",0
2020-08-06,"LAR",0
2020-08-06,"LV",0
2020-08-06,"MIA",0
2020-08-06,"MIN",0
2020-08-06,"NE",0
2020-08-06,"NO",0
2020-08-06,"NYG",0
2020-08-06,"NYJ",0
2020-08-06,"PHI",0
2020-08-06,"PIT",0
2020-08-06,"SEA",0
2020-08-06,"SF",0
2020-08-06,"TB",0
2020-08-06,"TEN",0
2020-08-06,"WAS",0
2020-08-07,"ARI",0
2020-08-07,"ATL",0
2020-08-07,"BAL",0
2020-08-07,"BUF",0
2020-08-07,"CAR",0
2020-08-07,"CHI",0
2020-08-07,"CIN",0
2020-08-07,"CLE",0
2020-08-07,"DAL",0
2020-08-07,"DEN",0
2020-08-07,"DET",0
2020-08-07,"GB",0
2020-08-07,"HOU",0
2020-08-07,"IND",0
2020-08-07,"JAX",0
2020-08-07,"KC",0
2020-08-07,"LAC",0
2020-08-07,"LAR",0
2020-08-07,"LV",0
2020-08-07,"MIA",0
2020-08-07,"MIN",0
2020-08-07,"NE",0
2020-08-07,"NO",0
2020-08-07,"NYG",0
2020-08-07,"NYJ",0
2020-08-07,"PHI",0
2020-08-07,"PIT",0
2020-08-07,"SEA",0
2020-08-07,"SF",0
2020-08-07,"TB",0
2020-08-07,"TEN",0
2020-08-07,"WAS",0
2020-08-08,"ARI",0
2020-08-08,"ATL",0
2020-08-08,"BAL",0
2020-08-08,"BUF",0
2020-08-08,"CAR",0
2020-08-08,"CHI",0
2020-08-08,"CIN",0
2020-08-08,"CLE",0
2020-08-08,"DAL",0
2020-08-08,"DEN",0
2020-08-08,"DET",0
2020-08-08,"GB",0
2020-08-08,"HOU",0
2020-08-08,"IND",0
2020-08-08,"JAX",0
2020-08-08,"KC",0
2020-08-08,"LAC",0
2020-08-08,"LAR",0
2020-08-08,"LV",0
2020-08-08,"MIA",0
2020-08-08,"MIN",0
2020-08-08,"NE",0
2020-08-08,"NO",0
2020-08-08,"NYG",0
2020-08-08,"NYJ",0
2020-08-08,"PHI",0
2020-08-08,"PIT",0
2020-08-08,"SEA",0
2020-08-08,"SF",0
2020-08-08,"TB",0
2020-08-08,"TEN",0
2020-08-08,"WAS",0
2020-08-09,"ARI",0
2020-08-09,"ATL",0
2020-08-09,"BAL",0
2020-08-09,"BUF",0
2020-08-09,"CAR",0
2020-08-09,"CHI",0
2020-08-09,"CIN",0
2020-08-09,"CLE",0
2020-08-09,"DAL",0
2020-08-09,"DEN",0
2020-08-09,"DET",0
2020-08-09,"GB",0
2020-08-09,"HOU",0
2020-08-09,"IND",0
2020-08-09,"JAX",0
2020-08-09,"KC",0
2020-08-09,"LAC",0
2020-08-09,"LAR",0
2020-08-09,"LV",0
2020-08-09,"MIA",0
2020-08-09,"MIN",0
2020-08-09,"NE",0
2020-08-09,"NO",0
2020-08-09,"NYG",0
2020-08-09,"NYJ",0
2020-08-09,"PHI",0
2020-08-09,"PIT",0
2020-08-09,"SEA",0
2020-08-09,"SF",0
2020-08-09,"TB",0
2020-08-09,"TEN",0
2020-08-09,"WAS",0
2020-08-10,"ARI",0
2020-08-10,"ATL",0
2020-08-10,"BAL",0
2020-08-10,"BUF",0
2020-08-10,"CAR",0
2020-08-10,"CHI",0
2020-08-10,"CIN",0
2020-08-10,"CLE",0
2020-08-10,"DAL",0
2020-08-10,"DEN",0
2020-08-10,"DET",0
2020-08-10,"GB",0
2020-08-10,"HOU",0
2020-08-10,"IND",0
2020-08-10,"JAX",0
2020-08-10,"KC",0
2020-08-10,"LAC",0
2020-08-10,"LAR",0
2020-08-10,"LV",0
2020-08-10,"MIA",0
2020-08-10,"MIN",0
2020-08-10,"NE",0
2020-08-10,"NO",0
2020-08-10,"NYG",0
2020-08-10,"NYJ",0
2020-08-10,"PHI",0
2020-08-10,"PIT",0
2020-08-10,"SEA",0
2020-08-10,"SF",0
2020-08-10,"TB",0
2020-08-10,"TEN",0
2020-08-10,"WAS",0
2020-08-11,"ARI",0
2020-08-11,"ATL",0
2020-08-11,"BAL",0
2020-08-11,"BUF",0
2020-08-11,"CAR",0
2020-08-11,"CHI",0
2020-08-11,"CIN",0
2020-08-11,"CLE",0
2020-08-11,"DAL",0
2020-08-11,"DEN",0
2020-08-11,"DET",0
2020-08-11,"GB",0
2020-08-11,"HOU",0
2020-08-11,"IND",0
2020-08-11,"JAX",0
2020-08-11,"KC",0
2020-08-11,"LAC",0
2020-08-11,"LAR",0
2020-08-11,"LV",0
2020-08-11,"MIA",0
2020-08-11,"MIN",0
2020-08-11,"NE",0
2020-08-11,"NO",0
2020-08-11,"NYG",0
2020-08-11,"NYJ",0
2020-08-11,"PHI",0
2020-08-11,"PIT",0
2020-08-11,"SEA",0
2020-08-11,"SF",0
2020-08-11,"TB",0
2020-08-11,"TEN",0
2020-08-11,"WAS",0
2020-08-12,"ARI",0
2020-08-12,"ATL",0
2020-08-12,"BAL",0
2020-08-12,"BUF",0
2020-08-12,"CAR",0
2020-08-12,"CHI",0
2020-08-12,"CIN",0
2020-08-12,"CLE",0
2020-08-12,"DAL",0
2020-08-12,"DEN",0
2020-08-12,"DET",0
2020-08-12,"GB",0
2020-08-12,"HOU",0
2020-08-12,"IND",0
2020-08-12,"JAX",0
2020-08-12,"KC",0
2020-08-12,"LAC",0
2020-08-12,"LAR",0
2020-08-12,"LV",0
2020-08-12,"MIA",0
2020-08-12,"MIN",0
2020-08-12,"NE",0
2020-08-12,"NO",0
2020-08-12,"NYG",0
2020-08-12,"NYJ",0
2020-08-12,"PHI",0
2020-08-12,"PIT",0
2020-08-12,"SEA",0
2020-08-12,"SF",0
2020-08-12,"TB",0
2020-08-12,"TEN",0
2020-08-12,"WAS",0
2020-08-13,"ARI",0
2020-08-13,"ATL",0
2020-08-13,"BAL",0
2020-08-13,"BUF",0
2020-08-13,"CAR",0
2020-08-13,"CHI",0
2020-08-13,"CIN",0
2020-08-13,"CLE",0
2020-08-13,"DAL",0
2020-08-13,"DEN",0
2020-08-13,"DET",0
2020-08-13,"GB",0
2020-08-13,"HOU",0
2020-08-13,"IND",0
2020-08-13,"JAX",0
2020-08-13,"KC",0
2020-08-13,"LAC",0
2020-08-13,"LAR",0
2020-08-13,"LV",0
2020-08-13,"MIA",0
2020-08-13,"MIN",0
2020-08-13,"NE",0
2020-08-13,"NO",0
2020-08-13,"NYG",0
2020-08-13,"NYJ",0
2020-08-13,"PHI",0
2020-08-13,"PIT",0
2020-08-13,"SEA",0
2020-08-13,"SF",0
2020-08-13,"TB",0
2020-08-13,"TEN",0
2020-08-13,"WAS",0
2020-08-14,"ARI",0
2020-08-14,"ATL",0
2020-08-14,"BAL",0
2020-08-14,"BUF",0
2020-08-14,"CAR",0
2020-08-14,"CHI",0
2020-08-14,"CIN",0
2020-08-14,"CLE",0
2020-08-14,"DAL",0
2020-08-14,"DEN",0
2020-08-14,"DET",0
2020-08-14,"GB",0
2020-08-14,"HOU",0
2020-08-14,"IND",0
2020-08-14,"JAX",0
2020-08-14,"KC",0
2020-08-14,"LAC",0
2020-08-14,"LAR",0
2020-08-14,"LV",0
2020-08-14,"MIA",0
2020-08-14,"MIN",0
2020-08-14,"NE",0
2020-08-14,"NO",0
2020-08-14,"NYG",0
2020-08-14,"NYJ",0
2020-08-14,"PHI",0
2020-08-14,"PIT",0
2020-08-14,"SEA",0
2020-08-14,"SF",0
2020-08-14,"TB",0
2020-08-14,"TEN",0
2020-08-14,"WAS",0
2020-08-15,"ARI",0
2020-08-15,"ATL",0
2020-08-15,"BAL",0
2020-08-15,"BUF",0
2020-08-15,"CAR",0
2020-08-15,"CHI",0
2020-08-15,"CIN",0
2020-08-15,"CLE",0
2020-08-15,"DAL",0
2020-08-15,"DEN",0
2020-08-15,"DET",0
2020-08-15,"GB",0
2020-08-15,"HOU",0
2020-08-15,"IND",0
2020-08-15,"JAX",0
2020-08-15,"KC",0
2020-08-15,"LAC",0
2020-08-15,"LAR",0
2020-08-15,"LV",0
2020-08-15,"MIA",0
2020-08-15,"MIN",0
2020-08-15,"NE",0
2020-08-15,"NO",0
2020-08-15,"NYG",0
2020-08-15,"NYJ",0
2020-08-15,"PHI",0
2020-08-15,"PIT",0
2020-08-15,"SEA",0
2020-08-15,"SF",0
2020-08-15,"TB",0
2020-08-15,"TEN",0
2020-08-15,"WAS",0
2020-08-16,"ARI",0
2020-08-16,"ATL",0
2020-08-16,"BAL",0
2020-08-16,"BUF",0
2020-08-16,"CAR",0
2020-08-16,"CHI",0
2020-08-16,"CIN",0
2020-08-16,"CLE",0
2020-08-16,"DAL",0
2020-08-16,"DEN",0
2020-08-16,"DET",0
2020-08-16,"GB",0
2020-08-16,"HOU",0
2020-08-16,"IND",0
2020-08-16,"JAX",0
2020-08-16,"KC",0
2020-08-16,"LAC",0
2020-08-16,"LAR",0
2020-08-16,"LV",0
2020-08-16,"MIA",0
2020-08-16,"MIN",0
2020-08-16,"NE",0
2020-08-16,"NO",0
2020-08-16,"NYG",0
2020-08-16,"NYJ",0
2020-08-16,"PHI",0
2020-08-16,"PIT",0
2020-08-16,"SEA",0
2020-08-16,"SF",0
2020-08-16,"TB",0
2020-08-16,"TEN",0
2020-08-16,"WAS",0
2020-08-17,"ARI",0
2020-08-17,"ATL",0
2020-08-17,"BAL",0
2020-08-17,"BUF",0
2020-08-17,"CAR",0
2020-08-17,"CHI",0
2020-08-17,"CIN",0
2020-08-17,"CLE",0
2020-08-17,"DAL",0
2020-08-17,"DEN",0
2020-08-17,"DET",0
2020-08-17,"GB",0
2020-08-17,"HOU",0
2020-08-17,"IND",0
2020-08-17,"JAX",0
2020-08-17,"KC",0
2020-08-17,"LAC",0
2020-08-17,"LAR",0
2020-08-17,"LV",0
2020-08-17,"MIA",0
2020-08-17,"MIN",0
2020-08-17,"NE",0
2020-08-17,"NO",0
2020-08-17,"NYG",0
2020-08-17,"NYJ",0
2020-08-17,"PHI",0
2020-08-17,"PIT",0
2020-08-17,"SEA",0
2020-08-17,"SF",0
2020-08-17,"TB",0
2020-08-17,"TEN",0
2020-08-17,"WAS",0
2020-08-18,"ARI",0
2020-08-18,"ATL",0
2020-08-18,"BAL",0
2020-08-18,"BUF",0
2020-08-18,"CAR",0
2020-08-18,"CHI",0
2020-08-18,"CIN",0
2020-08-18,"CLE",0
2020-08-18,"DAL",0
2020-08-18,"DEN",0
2020-08-18,"DET",0
2020-08-18,"GB",0
2020-08-18,"HOU",0
2020-08-18,"IND",0
2020-08-18,"JAX",0
2020-08-18,"KC",0
2020-08-18,"LAC",0
2020-08-18,"LAR",0
2020-08-18,"LV",0
2020-08-18,"MIA",0
2020-08-18,"MIN",0
2020-08-18,"NE",0
2020-08-18,"NO",0
2020-08-18,"NYG",0
2020-08-18,"NYJ",0
2020-08-18,"PHI",0
2020-08-18,"PIT",0
2020-08-18,"SEA",0
2020-08-18,"SF",0
2020-08-18,"TB",0
2020-08-18,"TEN",0
2020-08-18,"WAS",0
2020-08-19,"ARI",0
2020-08-19,"ATL",0
2020-08-19,"BAL",0
2020-08-19,"BUF",0
2020-08-19,"CAR",0
2020-08-19,"CHI",0
2020-08-19,"CIN",0
2020-08-19,"CLE",0
2020-08-19,"DAL",0
2020-08-19,"DEN",0
2020-08-19,"DET",0
2020-08-19,"GB",0
2020-08-19,"HOU",0
2020-08-19,"IND",0
2020-08-19,"JAX",0
2020-08-19,"KC",0
2020-08-19,"LAC",0
2020-08-19,"LAR",0
2020-08-19,"LV",0
2020-08-19,"MIA",0
2020-08-19,"MIN",0
2020-08-19,"NE",0
2020-08-19,"NO",0
2020-08-19,"NYG",0
2020-08-19,"NYJ",0
2020-08-19,"PHI",0
2020-08-19,"PIT",0
2020-08-19,"SEA",0
2020-08-19,"SF",0
2020-08-19,"TB",0
2020-08-19,"TEN",0
2020-08-19,"WAS",0
2020-08-20,"ARI",0
2020-08-20,"ATL",0
2020-08-20,"BAL",0
2020-08-20,"BUF",0
2020-08-20,"CAR",0
2020-08-20,"CHI",0
2020-08-20,"CIN",0
2020-08-20,"CLE",0
2020-08-20,"DAL",0
2020-08-20,"DEN",0
2020-08-20,"DET",0
2020-08-20,"GB",0
2020-08-20,"HOU",0
2020-08-20,"IND",0
2020-08-20,"JAX",0
2020-08-20,"KC",0
2020-08-20,"LAC",0
2020-08-20,"LAR",0
2020-08-20,"LV",0
2020-08-20,"MIA",0
2020-08-20,"MIN",0
2020-08-20,"NE",0
2020-08-20,"NO",0
2020-08-20,"NYG",0
2020-08-20,"NYJ",0
2020-08-20,"PHI",0
2020-08-20,"PIT",0
2020-08-20,"SEA",0
2020-08-20,"SF",0
2020-08-20,"TB",0
2020-08-20,"TEN",0
2020-08-20,"WAS",0
2020-08-21,"ARI",0
2020-08-21,"ATL",0
2020-08-21,"BAL",0
2020-08-21,"BUF",0
2020-08-21,"CAR",0
2020-08-21,"CHI",0
2020-08-21,"CIN",0
2020-08-21,"CLE",0
2020-08-21,"DAL",0
2020-08-21,"DEN",0
2020-08-21,"DET",0
2020-08-21,"GB",0
2020-08-21,"HOU",0
2020-08-21,"IND",0
2020-08-21,"JAX",0
2020-08-21,"KC",0
2020-08-21,"LAC",0
2020-08-21,"LAR",0
2020-08-21,"LV",0
2020-08-21,"MIA",0
2020-08-21,"MIN",0
2020-08-21,"NE",0
2020-08-21,"NO",0
2020-08-21,"NYG",0
2020-08-21,"NYJ",0
2020-08-21,"PHI",0
2020-08-21,"PIT",0
2020-08-21,"SEA",0
2020-08-21,"SF",0
2020-08-21,"TB",0
2020-08-21,"TEN",0
2020-08-21,"WAS",0
2020-08-22,"ARI",0
2020-08-22,"ATL",0
2020-08-22,"BAL",0
2020-08-22,"BUF",0
2020-08-22,"CAR",0
2020-08-22,"CHI",0
2020-08-22,"CIN",0
2020-08-22,"CLE",0
2020-08-22,"DAL",0
2020-08-22,"DEN",0
2020-08-22,"DET",0
2020-08-22,"GB",0
2020-08-22,"HOU",0
2020-08-22,"IND",0
2020-08-22,"JAX",0
2020-08-22,"KC",0
2020-08-22,"LAC",0
2020-08-22,"LAR",0
2020-08-22,"LV",0
2020-08-22,"MIA",0
2020-08-22,"MIN",0
2020-08-22,"NE",0
2020-08-22,"NO",0
2020-08-22,"NYG",0
2020-08-22,"NYJ",0
2020-08-22,"PHI",0
2020-08-22,"PIT",0
2020-08-22,"SEA",0
2020-08-22,"SF",0
2020-08-22,"TB",0
2020-08-22,"TEN",0
2020-08-22,"WAS",0
2020-08-23,"ARI",0
2020-08-23,"ATL",0
2020-08-23,"BAL",0
2020-08-23,"BUF",0
2020-08-23,"CAR",0
2020-08-23,"CHI",0
2020-08-23,"CIN",0
2020-08-23,"CLE",0
2020-08-23,"DAL",0
2020-08-23,"DEN",0
2020-08-23,"DET",0
2020-08-23,"GB",0
2020-08-23,"HOU",0
2020-08-23,"IND",0
2020-08-23,"JAX",0
2020-08-23,"KC",0
2020-08-23,"LAC",0
2020-08-23,"LAR",0
2020-08-23,"LV",0
2020-08-23,"MIA",0
2020-08-23,"MIN",0
2020-08-23,"NE",0
2020-08-23,"NO",0
2020-08-23,"NYG",0
2020-08-23,"NYJ",0
2020-08-23,"PHI",0
2020-08-23,"PIT",0
2020-08-23,"SEA",0
2020-08-23,"SF",0
2020-08-23,"TB",0
2020-08-23,"TEN",0
2020-08-23,"WAS",0
2020-08-24,"ARI",0
2020-08-24,"ATL",0
2020-08-24,"BAL",0
2020-08-24,"BUF",0
2020-08-24,"CAR",0
2020-08-24,"CHI",0
2020-08-24,"CIN",0
2020-08-24,"CLE",0
2020-08-24,"DAL",0
2020-08-24,"DEN",0
2020-08-24,"DET",0
2020-08-24,"GB",0
2020-08-24,"HOU",0
2020-08-24,"IND",0
2020-08-24,"JAX",0
2020-08-24,"KC",0
2020-08-24,"LAC",0
2020-08-24,"LAR",0
2020-08-24,"LV",0
2020-08-24,"MIA",0
2020-08-24,"MIN",0
2020-08-24,"NE",0
2020-08-24,"NO",0
2020-08-24,"NYG",0
2020-08-24,"NYJ",0
2020-08-24,"PHI",0
2020-08-24,"PIT",0
2020-08-24,"SEA",0
2020-08-24,"SF",0
2020-08-24,"TB",0
2020-08-24,"TEN",0
2020-08-24,"WAS",0
2020-08-25,"ARI",0
2020-08-25,"ATL",0
2020-08-25,"BAL",0
2020-08-25,"BUF",0
2020-08-25,"CAR",0
2020-08-25,"CHI",0
2020-08-25,"CIN",0
2020-08-25,"CLE",0
2020-08-25,"DAL",0
2020-08-25,"DEN",0
2020-08-25,"DET",0
2020-08-25,"GB",0
2020-08-25,"HOU",0
2020-08-25,"IND",0
2020-08-25,"JAX",0
2020-08-25,"KC",0
2020-08-25,"LAC",0
2020-08-25,"LAR",0
2020-08-25,"LV",0
2020-08-25,"MIA",0
2020-08-25,"MIN",0
2020-08-25,"NE",0
2020-08-25,"NO",0
2020-08-25,"NYG",0
2020-08-25,"NYJ",0
2020-08-25,"PHI",0
2020-08-25,"PIT",0
2020-08-25,"SEA",0
2020-08-25,"SF",0
2020-08-25,"TB",0
2020-08-25,"TEN",0
2020-08-25,"WAS",0
2020-08-26,"ARI",0
2020-08-26,"ATL",0
2020-08-26,"BAL",0
2020-08-26,"BUF",0
2020-08-26,"CAR",0
2020-08-26,"CHI",0
2020-08-26,"CIN",0
2020-08-26,"CLE",0
2020-08-26,"DAL",0
2020-08-26,"DEN",0
2020-08-26,"DET",0
2020-08-26,"GB",0
2020-08-26,"HOU",0
2020-08-26,"IND",0
2020-08-26,"JAX",0
2020-08-26,"KC",0
2020-08-26,"LAC",0
2020-08-26,"LAR",0
2020-08-26,"LV",0
2020-08-26,"MIA",0
2020-08-26,"MIN",0
2020-08-26,"NE",0
2020-08-26,"NO",0
2020-08-26,"NYG",0
2020-08-26,"NYJ",0
2020-08-26,"PHI",0
2020-08-26,"PIT",0
2020-08-26,"SEA",0
2020-08-26,"SF",0
2020-08-26,"TB",0
2020-08-26,"TEN",0
2020-08-26,"WAS",0
2020-08-27,"ARI",0
2020-08-27,"ATL",0
2020-08-27,"BAL",0
2020-08-27,"BUF",0
2020-08-27,"CAR",0
2020-08-27,"CHI",0
2020-08-27,"CIN",0
2020-08-27,"CLE",0
2020-08-27,"DAL",0
2020-08-27,"DEN",0
2020-08-27,"DET",0
2020-08-27,"GB",0
2020-08-27,"HOU",0
2020-08-27,"IND",0
2020-08-27,"JAX",0
2020-08-27,"KC",0
2020-08-27,"LAC",0
2020-08-27,"LAR",0
2020-08-27,"LV",0
2020-08-27,"MIA",0
2020-08-27,"MIN",0
2020-08-27,"NE",0
2020-08-27,"NO",0
2020-08-27,"NYG",0
2020-08-27,"NYJ",0
2020-08-27,"PHI",0
2020-08-27,"PIT",0
2020-08-27,"SEA",0
2020-08-27,"SF",0
2020-08-27,"TB",0
2020-08-27,"TEN",0
2020-08-27,"WAS",0
2020-08-28,"ARI",0
2020-08-28,"ATL",0
2020-08-28,"BAL",0
2020-08-28,"BUF",0
2020-08-28,"CAR",0
2020-08-28,"CHI",0
2020-08-28,"CIN",0
2020-08-28,"CLE",0
2020-08-28,"DAL",0
2020-08-28,"DEN",0
2020-08-28,"DET",0
2020-08-28,"GB",0
2020-08-28,"HOU",0
2020-08-28,"IND",0
2020-08-28,"JAX",0
2020-08-28,"KC",0
2020-08-28,"LAC",0
2020-08-28,"LAR",0
2020-08-28,"LV",0
2020-08-28,"MIA",0
2020-08-28,"MIN",0
2020-08-28,"NE",0
2020-08-28,"NO",0
2020-08-28,"NYG",0
2020-08-28,"NYJ",0
2020-08-28,"PHI",0
2020-08-28,"PIT",0
2020-08-28,"SEA",0
2020-08-28,"SF",0
2020-08-28,"TB",0
2020-08-28,"TEN",0
2020-08-28,"WAS",0
2020-08-29,"ARI",0
2020-08-29,"ATL",0
2020-08-29,"BAL",0
2020-08-29,"BUF",0
2020-08-29,"CAR",0
2020-08-29,"CHI",0
2020-08-29,"CIN",0
2020-08-29,"CLE",0
2020-08-29,"DAL",0
2020-08-29,"DEN",0
2020-08-29,"DET",0
2020-08-29,"GB",0
2020-08-29,"HOU",0
2020-08-29,"IND",0
2020-08-29,"JAX",0
2020-08-29,"KC",0
2020-08-29,"LAC",0
2020-08-29,"LAR",0
2020-08-29,"LV",0
2020-08-29,"MIA",0
2020-08-29,"MIN",0
2020-08-29,"NE",0
2020-08-29,"NO",0
2020-08-29,"NYG",0
2020-08-29,"NYJ",0
2020-08-29,"PHI",0
2020-08-29,"PIT",0
2020-08-29,"SEA",0
2020-08-29,"SF",0
2020-08-29,"TB",0
2020-08-29,"TEN",0
2020-08-29,"WAS",0
2020-08-30,"ARI",0
2020-08-30,"ATL",0
2020-08-30,"BAL",0
2020-08-30,"BUF",0
2020-08-30,"CAR",0
2020-08-30,"CHI",0
2020-08-30,"CIN",0
2020-08-30,"CLE",0
2020-08-30,"DAL",0
2020-08-30,"DEN",0
2020-08-30,"DET",0
2020-08-30,"GB",0
2020-08-30,"HOU",0
2020-08-30,"IND",0
2020-08-30,"JAX",0
2020-08-30,"KC",0
2020-08-30,"LAC",0
2020-08-30,"LAR",0
2020-08-30,"LV",0
2020-08-30,"MIA",0
2020-08-30,"MIN",0
2020-08-30,"NE",0
2020-08-30,"NO",0
2020-08-30,"NYG",0
2020-08-30,"NYJ",0
2020-08-30,"PHI",0
2020-08-30,"PIT",0
2020-08-30,"SEA",0
2020-08-30,"SF",0
2020-08-30,"TB",0
2020-08-30,"TEN",0
2020-08-30,"WAS",0
2020-08-31,"ARI",0
2020-08-31,"ATL",0
2020-08-31,"BAL",0
2020-08-31,"BUF",0
2020-08-31,"CAR",0
2020-08-31,"CHI",0
2020-08-31,"CIN",0
2020-08-31,"CLE",0
2020-08-31,"DAL",0
2020-08-31,"DEN",0
2020-08-31,"DET",0
2020-08-31,"GB",0
2020-08-31,"HOU",0
2020-08-31,"IND",0
2020-08-31,"JAX",0
2020-08-31,"KC",0
2020-08-31,"LAC",0
2020-08-31,"LAR",0
2020-08-31,"LV",0
2020-08-31,"MIA",0
2020-08-31,"MIN",0
2020-08-31,"NE",0
2020-08-31,"NO",0
2020-08-31,"NYG",0
2020-08-31,"NYJ",0
2020-08-31,"PHI",0
2020-08-31,"PIT",0
2020-08-31,"SEA",0
2020-08-31,"SF",0
2020-08-31,"TB",0
2020-08-31,"TEN",0
2020-08-31,"WAS",0
2020-09-01,"ARI",0
2020-09-01,"ATL",0
2020-09-01,"BAL",0
2020-09-01,"BUF",0
2020-09-01,"CAR",0
2020-09-01,"CHI",0
2020-09-01,"CIN",0
2020-09-01,"CLE",0
2020-09-01,"DAL",0
2020-09-01,"DEN",0
2020-09-01,"DET",0
2020-09-01,"GB",0
2020-09-01,"HOU",0
2020-09-01,"IND",0
2020-09-01,"JAX",0
2020-09-01,"KC",0
2020-09-01,"LAC",0
2020-09-01,"LAR",0
2020-09-01,"LV",0
2020-09-01,"MIA",0
2020-09-01,"MIN",0
2020-09-01,"NE",0
2020-09-01,"NO",0
2020-09-01,"NYG",0
2020-09-01,"NYJ",0
2020-09-01,"PHI",0
2020-09-01,"PIT",0
2020-09-01,"SEA",0
2020-09-01,"SF",0
2020-09-01,"TB",0
2020-09-01,"TEN",0
2020-09-01,"WAS",0
2020-09-02,"ARI",0
2020-09-02,"ATL",0
2020-09-02,"BAL",0
2020-09-02,"BUF",0
2020-09-02,"CAR",0
2020-09-02,"CHI",0
2020-09-02,"CIN",0
2020-09-02,"CLE",0
2020-09-02,"DAL",0
2020-09-02,"DEN",0
2020-09-02,"DET",0
2020-09-02,"GB",0
2020-09-02,"HOU",0
2020-09-02,"IND",0
2020-09-02,"JAX",0
2020-09-02,"KC",0
2020-09-02,"LAC",0
2020-09-02,"LAR",0
2020-09-02,"LV",0
2020-09-02,"MIA",0
2020-09-02,"MIN",0
2020-09-02,"NE",0
2020-09-02,"NO",0
2020-09-02,"NYG",0
2020-09-02,"NYJ",0
2020-09-02,"PHI",0
2020-09-02,"PIT",0
2020-09-02,"SEA",0
2020-09-02,"SF",0
2020-09-02,"TB",0
2020-09-02,"TEN",0
2020-09-02,"WAS",0
2020-09-03,"ARI",0
2020-09-03,"ATL",0
2020-09-03,"BAL",0
2020-09-03,"BUF",0
2020-09-03,"CAR",0
2020-09-03,"CHI",0
2020-09-03,"CIN",0
2020-09-03,"CLE",0
2020-09-03,"DAL",0
2020-09-03,"DEN",0
2020-09-03,"DET",0
2020-09-03,"GB",0
2020-09-03,"HOU",0
2020-09-03,"IND",0
2020-09-03,"JAX",0
2020-09-03,"KC",0
2020-09-03,"LAC",0
2020-09-03,"LAR",0
2020-09-03,"LV",0
2020-09-03,"MIA",0
2020-09-03,"MIN",0
2020-09-03,"NE",0
2020-09-03,"NO",0
2020-09-03,"NYG",0
2020-09-03,"NYJ",0
2020-09-03,"PHI",0
2020-09-03,"PIT",0
2020-09-03,"SEA",0
2020-09-03,"SF",0
2020-09-03,"TB",0
2020-09-03,"TEN",0
2020-09-03,"WAS",0
2020-09-04,"ARI",0
2020-09-04,"ATL",0
2020-09-04,"BAL",0
2020-09-04,"BUF",0
2020-09-04,"CAR",0
2020-09-04,"CHI",0
2020-09-04,"CIN",0
2020-09-04,"CLE",0
2020-09-04,"DAL",0
2020-09-04,"DEN",0
2020-09-04,"DET",0
2020-09-04,"GB",0
2020-09-04,"HOU",0
2020-09-04,"IND",0
2020-09-04,"JAX",0
2020-09-04,"KC",0
2020-09-04,"LAC",0
2020-09-04,"LAR",0
2020-09-04,"LV",0
2020-09-04,"MIA",0
2020-09-04,"MIN",0
2020-09-04,"NE",0
2020-09-04,"NO",0
2020-09-04,"NYG",0
2020-09-04,"NYJ",0
2020-09-04,"PHI",0
2020-09-04,"PIT",0
2020-09-04,"SEA",0
2020-09-04,"SF",0
2020-09-04,"TB",0
2020-09-04,"TEN",0
2020-09-04,"WAS",0
2020-09-05,"ARI",0
2020-09-05,"ATL",0
2020-09-05,"BAL",0
2020-09-05,"BUF",0
2020-09-05,"CAR",0
2020-09-05,"CHI",0
2020-09-05,"CIN",0
2020-09-05,"CLE",0
2020-09-05,"DAL",0
2020-09-05,"DEN",0
2020-09-05,"DET",0
2020-09-05,"GB",0
2020-09-05,"HOU",0
2020-09-05,"IND",0
2020-09-05,"JAX",0
2020-09-05,"KC",0
2020-09-05,"LAC",0
2020-09-05,"LAR",0
2020-09-05,"LV",0
2020-09-05,"MIA",0
2020-09-05,"MIN",0
2020-09-05,"NE",0
2020-09-05,"NO",0
2020-09-05,"NYG",0
2020-09-05,"NYJ",0
2020-09-05,"PHI",0
2020-09-05,"PIT",0
2020-09-05,"SEA",0
2020-09-05,"SF",0
2020-09-05,"TB",0
2020-09-05,"TEN",0
2020-09-05,"WAS",0
2020-09-06,"ARI",0
2020-09-06,"ATL",0
2020-09-06,"BAL",0
2020-09-06,"BUF",0
2020-09-06,"CAR",0
2020-09-06,"CHI",0
2020-09-06,"CIN",0
2020-09-06,"CLE",0
2020-09-06,"DAL",0
2020-09-06,"DEN",0
2020-09-06,"DET",0
2020-09-06,"GB",0
2020-09-06,"HOU",0
2020-09-06,"IND",0
2020-09-06,"JAX",0
2020-09-06,"KC",0
2020-09-06,"LAC",0
2020-09-06,"LAR",0
2020-09-06,"LV",0
2020-09-06,"MIA",0
2020-09-06,"MIN",0
2020-09-06,"NE",0
2020-09-06,"NO",0
2020-09-06,"NYG",0
2020-09-06,"NYJ",0
2020-09-06,"PHI",0
2020-09-06,"PIT",0
2020-09-06,"SEA",0
2020-09-06,"SF",0
2020-09-06,"TB",0
2020-09-06,"TEN",0
2020-09-06,"WAS",0
2020-09-07,"ARI",0
2020-09-07,"ATL",0
2020-09-07,"BAL",0
2020-09-07,"BUF",0
2020-09-07,"CAR",0
2020-09-07,"CHI",0
2020-09-07,"CIN",0
2020-09-07,"CLE",0
2020-09-07,"DAL",0
2020-09-07,"DEN",0
2020-09-07,"DET",0
2020-09-07,"GB",0
2020-09-07,"HOU",0
2020-09-07,"IND",0
2020-09-07,"JAX",0
2020-09-07,"KC",0
2020-09-07,"LAC",0
2020-09-07,"LAR",0
2020-09-07,"LV",0
2020-09-07,"MIA",0
2020-09-07,"MIN",0
2020-09-07,"NE",0
2020-09-07,"NO",0
2020-09-07,"NYG",0
2020-09-07,"NYJ",0
2020-09-07,"PHI",0
2020-09-07,"PIT",0
2020-09-07,"SEA",0
2020-09-07,"SF",0
2020-09-07,"TB",0
2020-09-07,"TEN",0
2020-09-07,"WAS",0
2020-09-08,"ARI",0
2020-09-08,"ATL",0
2020-09-08,"BAL",0
2020-09-08,"BUF",0
2020-09-08,"CAR",0
2020-09-08,"CHI",0
2020-09-08,"CIN",0
2020-09-08,"CLE",0
2020-09-08,"DAL",0
2020-09-08,"DEN",0
2020-09-08,"DET",0
2020-09-08,"GB",0
2020-09-08,"HOU",0
2020-09-08,"IND",0
2020-09-08,"JAX",0
2020-09-08,"KC",0
2020-09-08,"LAC",0
2020-09-08,"LAR",0
2020-09-08,"LV",0
2020-09-08,"MIA",0
2020-09-08,"MIN",0
2020-09-08,"NE",0
2020-09-08,"NO",0
2020-09-08,"NYG",0
2020-09-08,"NYJ",0
2020-09-08,"PHI",0
2020-09-08,"PIT",0
2020-09-08,"SEA",0
2020-09-08,"SF",0
2020-09-08,"TB",0
2020-09-08,"TEN",0
2020-09-08,"WAS",0
2020-09-09,"ARI",0
2020-09-09,"ATL",0
2020-09-09,"BAL",0
2020-09-09,"BUF",0
2020-09-09,"CAR",0
2020-09-09,"CHI",0
2020-09-09,"CIN",0
2020-09-09,"CLE",0
2020-09-09,"DAL",0
2020-09-09,"DEN",0
2020-09-09,"DET",0
2020-09-09,"GB",0
2020-09-09,"HOU",0
2020-09-09,"IND",0
2020-09-09,"JAX",0
2020-09-09,"KC",0
2020-09-09,"LAC",0
2020-09-09,"LAR",0
2020-09-09,"LV",0
2020-09-09,"MIA",0
2020-09-09,"MIN",0
2020-09-09,"NE",0
2020-09-09,"NO",0
2020-09-09,"NYG",0
2020-09-09,"NYJ",0
2020-09-09,"PHI",0
2020-09-09,"PIT",0
2020-09-09,"SEA",0
2020-09-09,"SF",0
2020-09-09,"TB",0
2020-09-09,"TEN",0
2020-09-09,"WAS",0
2020-09-10,"ARI",0
2020-09-10,"ATL",0
2020-09-10,"BAL",0
2020-09-10,"BUF",0
2020-09-10,"CAR",0
2020-09-10,"CHI",0
2020-09-10,"CIN",0
2020-09-10,"CLE",0
2020-09-10,"DAL",0
2020-09-10,"DEN",0
2020-09-10,"DET",0
2020-09-10,"GB",0
2020-09-10,"HOU",0
2020-09-10,"IND",0
2020-09-10,"JAX",0
2020-09-10,"LAC",0
2020-09-10,"LAR",0
2020-09-10,"LV",0
2020-09-10,"MIA",0
2020-09-10,"MIN",0
2020-09-10,"NE",0
2020-09-10,"NO",0
2020-09-10,"NYG",0
2020-09-10,"NYJ",0
2020-09-10,"PHI",0
2020-09-10,"PIT",0
2020-09-10,"SEA",0
2020-09-10,"SF",0
2020-09-10,"TB",0
2020-09-10,"TEN",0
2020-09-10,"WAS",0
2020-09-10,"KC",0
2020-09-11,"ARI",0
2020-09-11,"ATL",0
2020-09-11,"BAL",0
2020-09-11,"BUF",0
2020-09-11,"CAR",0
2020-09-11,"CHI",0
2020-09-11,"CIN",0
2020-09-11,"CLE",0
2020-09-11,"DAL",0
2020-09-11,"DEN",0
2020-09-11,"DET",0
2020-09-11,"GB",0
2020-09-11,"HOU",0
2020-09-11,"IND",0
2020-09-11,"JAX",0
2020-09-11,"KC",0
2020-09-11,"LAC",0
2020-09-11,"LAR",0
2020-09-11,"LV",0
2020-09-11,"MIA",0
2020-09-11,"MIN",0
2020-09-11,"NE",0
2020-09-11,"NO",0
2020-09-11,"NYG",0
2020-09-11,"NYJ",0
2020-09-11,"PHI",0
2020-09-11,"PIT",0
2020-09-11,"SEA",0
2020-09-11,"SF",0
2020-09-11,"TB",0
2020-09-11,"TEN",0
2020-09-11,"WAS",0
2020-09-12,"ARI",0
2020-09-12,"ATL",0
2020-09-12,"BAL",0
2020-09-12,"BUF",0
2020-09-12,"CAR",0
2020-09-12,"CHI",0
2020-09-12,"CIN",0
2020-09-12,"CLE",0
2020-09-12,"DAL",0
2020-09-12,"DEN",0
2020-09-12,"DET",0
2020-09-12,"GB",0
2020-09-12,"HOU",0
2020-09-12,"IND",0
2020-09-12,"JAX",0
2020-09-12,"KC",0
2020-09-12,"LAC",0
2020-09-12,"LAR",0
2020-09-12,"LV",0
2020-09-12,"MIA",0
2020-09-12,"MIN",0
2020-09-12,"NE",0
2020-09-12,"NO",0
2020-09-12,"NYG",0
2020-09-12,"NYJ",0
2020-09-12,"PHI",0
2020-09-12,"PIT",0
2020-09-12,"SEA",0
2020-09-12,"SF",0
2020-09-12,"TB",0
2020-09-12,"TEN",0
2020-09-12,"WAS",0
2020-09-13,"CIN",0
2020-09-13,"CLE",0
2020-09-13,"DEN",0
2020-09-13,"HOU",0
2020-09-13,"JAX",0
2020-09-13,"KC",0
2020-09-13,"LV",0
2020-09-13,"NYG",0
2020-09-13,"PIT",0
2020-09-13,"TB",0
2020-09-13,"TEN",0
2020-09-13,"WAS",0
2020-09-13,"ARI",0
2020-09-13,"ATL",0
2020-09-13,"BAL",0
2020-09-13,"BUF",0
2020-09-13,"CAR",0
2020-09-13,"CHI",0
2020-09-13,"DAL",0
2020-09-13,"DET",0
2020-09-13,"GB",0
2020-09-13,"IND",0
2020-09-13,"LAC",0
2020-09-13,"LAR",0
2020-09-13,"MIA",0
2020-09-13,"MIN",0
2020-09-13,"NE",0
2020-09-13,"NO",0
2020-09-13,"NYJ",0
2020-09-13,"PHI",0
2020-09-13,"SEA",0
2020-09-13,"SF",0
2020-09-14,"ARI",0
2020-09-14,"ATL",0
2020-09-14,"BAL",0
2020-09-14,"BUF",0
2020-09-14,"CAR",0
2020-09-14,"CHI",0
2020-09-14,"CIN",0
2020-09-14,"CLE",0
2020-09-14,"DAL",0
2020-09-14,"DET",0
2020-09-14,"GB",0
2020-09-14,"HOU",0
2020-09-14,"IND",0
2020-09-14,"JAX",0
2020-09-14,"KC",0
2020-09-14,"LAC",0
2020-09-14,"LAR",0
2020-09-14,"LV",0
2020-09-14,"MIA",0
2020-09-14,"MIN",0
2020-09-14,"NE",0
2020-09-14,"NO",0
2020-09-14,"NYJ",0
2020-09-14,"PHI",0
2020-09-14,"SEA",0
2020-09-14,"SF",0
2020-09-14,"TB",0
2020-09-14,"TEN",0
2020-09-14,"WAS",0
2020-09-14,"DEN",0
2020-09-14,"NYG",0
2020-09-14,"PIT",0
2020-09-15,"ARI",0
2020-09-15,"ATL",0
2020-09-15,"BAL",0
2020-09-15,"BUF",0
2020-09-15,"CAR",0
2020-09-15,"CHI",0
2020-09-15,"CIN",0
2020-09-15,"CLE",0
2020-09-15,"DAL",0
2020-09-15,"DEN",0
2020-09-15,"DET",0
2020-09-15,"GB",0
2020-09-15,"HOU",0
2020-09-15,"IND",0
2020-09-15,"JAX",0
2020-09-15,"KC",0
2020-09-15,"LAC",0
2020-09-15,"LAR",0
2020-09-15,"LV",0
2020-09-15,"MIA",0
2020-09-15,"MIN",0
2020-09-15,"NE",0
2020-09-15,"NO",0
2020-09-15,"NYG",0
2020-09-15,"NYJ",0
2020-09-15,"PHI",0
2020-09-15,"PIT",0
2020-09-15,"SEA",0
2020-09-15,"SF",0
2020-09-15,"TB",0
2020-09-15,"TEN",0
2020-09-15,"WAS",0
2020-09-16,"ARI",0
2020-09-16,"ATL",0
2020-09-16,"BAL",0
2020-09-16,"BUF",0
2020-09-16,"CAR",0
2020-09-16,"CHI",0
2020-09-16,"CIN",0
2020-09-16,"CLE",0
2020-09-16,"DAL",0
2020-09-16,"DEN",0
2020-09-16,"DET",0
2020-09-16,"GB",0
2020-09-16,"HOU",0
2020-09-16,"IND",0
2020-09-16,"JAX",0
2020-09-16,"KC",0
2020-09-16,"LAC",0
2020-09-16,"LAR",0
2020-09-16,"LV",0
2020-09-16,"MIA",0
2020-09-16,"MIN",0
2020-09-16,"NE",0
2020-09-16,"NO",0
2020-09-16,"NYG",0
2020-09-16,"NYJ",0
2020-09-16,"PHI",0
2020-09-16,"PIT",0
2020-09-16,"SEA",0
2020-09-16,"SF",0
2020-09-16,"TB",0
2020-09-16,"TEN",0
2020-09-16,"WAS",0
2020-09-17,"ARI",0
2020-09-17,"ATL",0
2020-09-17,"BAL",0
2020-09-17,"BUF",0
2020-09-17,"CAR",0
2020-09-17,"CHI",0
2020-09-17,"CIN",0
2020-09-17,"DAL",0
2020-09-17,"DEN",0
2020-09-17,"DET",0
2020-09-17,"GB",0
2020-09-17,"HOU",0
2020-09-17,"IND",0
2020-09-17,"JAX",0
2020-09-17,"KC",0
2020-09-17,"LAC",0
2020-09-17,"LAR",0
2020-09-17,"LV",0
2020-09-17,"MIA",0
2020-09-17,"MIN",0
2020-09-17,"NE",0
2020-09-17,"NO",0
2020-09-17,"NYG",0
2020-09-17,"NYJ",0
2020-09-17,"PHI",0
2020-09-17,"PIT",0
2020-09-17,"SEA",0
2020-09-17,"SF",0
2020-09-17,"TB",0
2020-09-17,"TEN",0
2020-09-17,"WAS",0
2020-09-17,"CLE",0
2020-09-18,"ARI",0
2020-09-18,"ATL",0
2020-09-18,"BAL",0
2020-09-18,"BUF",0
2020-09-18,"CAR",0
2020-09-18,"CHI",0
2020-09-18,"CIN",0
2020-09-18,"CLE",0
2020-09-18,"DAL",0
2020-09-18,"DEN",0
2020-09-18,"DET",0
2020-09-18,"GB",0
2020-09-18,"HOU",0
2020-09-18,"IND",0
2020-09-18,"JAX",0
2020-09-18,"KC",0
2020-09-18,"LAC",0
2020-09-18,"LAR",0
2020-09-18,"LV",0
2020-09-18,"MIA",0
2020-09-18,"MIN",0
2020-09-18,"NE",0
2020-09-18,"NO",0
2020-09-18,"NYG",0
2020-09-18,"NYJ",0
2020-09-18,"PHI",0
2020-09-18,"PIT",0
2020-09-18,"SEA",0
2020-09-18,"SF",0
2020-09-18,"TB",0
2020-09-18,"TEN",0
2020-09-18,"WAS",0
2020-09-19,"ARI",0
2020-09-19,"ATL",0
2020-09-19,"BAL",0
2020-09-19,"BUF",0
2020-09-19,"CAR",0
2020-09-19,"CHI",0
2020-09-19,"CIN",0
2020-09-19,"CLE",0
2020-09-19,"DAL",0
2020-09-19,"DEN",0
2020-09-19,"DET",0
2020-09-19,"GB",0
2020-09-19,"HOU",0
2020-09-19,"IND",0
2020-09-19,"JAX",0
2020-09-19,"KC",0
2020-09-19,"LAC",0
2020-09-19,"LAR",0
2020-09-19,"LV",0
2020-09-19,"MIA",0
2020-09-19,"MIN",0
2020-09-19,"NE",0
2020-09-19,"NO",0
2020-09-19,"NYG",0
2020-09-19,"NYJ",0
2020-09-19,"PHI",0
2020-09-19,"PIT",0
2020-09-19,"SEA",0
2020-09-19,"SF",0
2020-09-19,"TB",0
2020-09-19,"TEN",0
2020-09-19,"WAS",0
2020-09-20,"CAR",0
2020-09-20,"CIN",0
2020-09-20,"CLE",0
2020-09-20,"JAX",0
2020-09-20,"LV",0
2020-09-20,"MIA",0
2020-09-20,"NO",0
2020-09-20,"SF",0
2020-09-20,"ARI",0
2020-09-20,"ATL",0
2020-09-20,"BAL",0
2020-09-20,"BUF",0
2020-09-20,"CHI",0
2020-09-20,"DAL",0
2020-09-20,"DEN",0
2020-09-20,"DET",0
2020-09-20,"GB",0
2020-09-20,"HOU",0
2020-09-20,"IND",0
2020-09-20,"KC",0
2020-09-20,"LAC",0
2020-09-20,"LAR",0
2020-09-20,"MIN",0
2020-09-20,"NE",0
2020-09-20,"NYG",0
2020-09-20,"NYJ",0
2020-09-20,"PHI",0
2020-09-20,"PIT",0
2020-09-20,"SEA",0
2020-09-20,"TB",0
2020-09-20,"TEN",0
2020-09-20,"WAS",0
2020-09-21,"ARI",0
2020-09-21,"ATL",0
2020-09-21,"BAL",0
2020-09-21,"BUF",0
2020-09-21,"CAR",0
2020-09-21,"CHI",0
2020-09-21,"CIN",0
2020-09-21,"CLE",0
2020-09-21,"DAL",0
2020-09-21,"DEN",0
2020-09-21,"DET",0
2020-09-21,"GB",0
2020-09-21,"HOU",0
2020-09-21,"IND",0
2020-09-21,"JAX",0
2020-09-21,"KC",0
2020-09-21,"LAC",0
2020-09-21,"LAR",0
2020-09-21,"MIA",0
2020-09-21,"MIN",0
2020-09-21,"NE",0
2020-09-21,"NYG",0
2020-09-21,"NYJ",0
2020-09-21,"PHI",0
2020-09-21,"PIT",0
2020-09-21,"SEA",0
2020-09-21,"SF",0
2020-09-21,"TB",0
2020-09-21,"TEN",0
2020-09-21,"WAS",0
2020-09-21,"LV",0
2020-09-21,"NO",0
2020-09-22,"ARI",0
2020-09-22,"ATL",0
2020-09-22,"BAL",0
2020-09-22,"BUF",0
2020-09-22,"CAR",0
2020-09-22,"CHI",0
2020-09-22,"CIN",0
2020-09-22,"CLE",0
2020-09-22,"DAL",0
2020-09-22,"DEN",0
2020-09-22,"DET",0
2020-09-22,"GB",0
2020-09-22,"HOU",0
2020-09-22,"IND",0
2020-09-22,"JAX",0
2020-09-22,"KC",0
2020-09-22,"LAC",0
2020-09-22,"LAR",0
2020-09-22,"LV",0
2020-09-22,"MIA",0
2020-09-22,"MIN",0
2020-09-22,"NE",0
2020-09-22,"NO",0
2020-09-22,"NYG",0
2020-09-22,"NYJ",0
2020-09-22,"PHI",0
2020-09-22,"PIT",0
2020-09-22,"SEA",0
2020-09-22,"SF",0
2020-09-22,"TB",0
2020-09-22,"TEN",0
2020-09-22,"WAS",0
2020-09-23,"ARI",0
2020-09-23,"ATL",0
2020-09-23,"BAL",0
2020-09-23,"BUF",0
2020-09-23,"CAR",0
2020-09-23,"CHI",0
2020-09-23,"CIN",0
2020-09-23,"CLE",0
2020-09-23,"DAL",0
2020-09-23,"DEN",0
2020-09-23,"DET",0
2020-09-23,"GB",0
2020-09-23,"HOU",0
2020-09-23,"IND",0
2020-09-23,"JAX",0
2020-09-23,"KC",0
2020-09-23,"LAC",0
2020-09-23,"LAR",0
2020-09-23,"LV",0
2020-09-23,"MIA",0
2020-09-23,"MIN",0
2020-09-23,"NE",0
2020-09-23,"NO",0
2020-09-23,"NYG",0
2020-09-23,"NYJ",0
2020-09-23,"PHI",0
2020-09-23,"PIT",0
2020-09-23,"SEA",0
2020-09-23,"SF",0
2020-09-23,"TB",0
2020-09-23,"TEN",0
2020-09-23,"WAS",0
2020-09-24,"ARI",0
2020-09-24,"ATL",0
2020-09-24,"BAL",0
2020-09-24,"BUF",0
2020-09-24,"CAR",0
2020-09-24,"CHI",0
2020-09-24,"CIN",0
2020-09-24,"CLE",0
2020-09-24,"DAL",0
2020-09-24,"DEN",0
2020-09-24,"DET",0
2020-09-24,"GB",0
2020-09-24,"HOU",0
2020-09-24,"IND",0
2020-09-24,"KC",0
2020-09-24,"LAC",0
2020-09-24,"LAR",0
2020-09-24,"LV",0
2020-09-24,"MIN",0
2020-09-24,"NE",0
2020-09-24,"NO",0
2020-09-24,"NYG",0
2020-09-24,"NYJ",0
2020-09-24,"PHI",0
2020-09-24,"PIT",0
2020-09-24,"SEA",0
2020-09-24,"SF",0
2020-09-24,"TB",0
2020-09-24,"TEN",0
2020-09-24,"WAS",0
2020-09-24,"JAX",0
2020-09-24,"MIA",0
2020-09-25,"ARI",0
2020-09-25,"ATL",0
2020-09-25,"BAL",0
2020-09-25,"BUF",0
2020-09-25,"CAR",0
2020-09-25,"CHI",0
2020-09-25,"CIN",0
2020-09-25,"CLE",0
2020-09-25,"DAL",0
2020-09-25,"DEN",0
2020-09-25,"DET",0
2020-09-25,"GB",0
2020-09-25,"HOU",0
2020-09-25,"IND",0
2020-09-25,"JAX",0
2020-09-25,"KC",0
2020-09-25,"LAC",0
2020-09-25,"LAR",0
2020-09-25,"LV",0
2020-09-25,"MIA",0
2020-09-25,"MIN",0
2020-09-25,"NE",0
2020-09-25,"NO",0
2020-09-25,"NYG",0
2020-09-25,"NYJ",0
2020-09-25,"PHI",0
2020-09-25,"PIT",0
2020-09-25,"SEA",0
2020-09-25,"SF",0
2020-09-25,"TB",0
2020-09-25,"TEN",0
2020-09-25,"WAS",0
2020-09-26,"ARI",0
2020-09-26,"ATL",0
2020-09-26,"BAL",0
2020-09-26,"BUF",0
2020-09-26,"CAR",0
2020-09-26,"CHI",0
2020-09-26,"CIN",0
2020-09-26,"CLE",0
2020-09-26,"DAL",0
2020-09-26,"DEN",0
2020-09-26,"DET",0
2020-09-26,"GB",0
2020-09-26,"HOU",0
2020-09-26,"IND",0
2020-09-26,"JAX",0
2020-09-26,"KC",0
2020-09-26,"LAC",0
2020-09-26,"LAR",0
2020-09-26,"LV",0
2020-09-26,"MIA",0
2020-09-26,"MIN",0
2020-09-26,"NE",0
2020-09-26,"NO",0
2020-09-26,"NYG",0
2020-09-26,"NYJ",0
2020-09-26,"PHI",0
2020-09-26,"PIT",0
2020-09-26,"SEA",0
2020-09-26,"SF",0
2020-09-26,"TB",0
2020-09-26,"TEN",0
2020-09-26,"WAS",0
2020-09-27,"BAL",0
2020-09-27,"HOU",0
2020-09-27,"JAX",0
2020-09-27,"KC",0
2020-09-27,"MIA",0
2020-09-27,"NYJ",0
2020-09-27,"SF",0
2020-09-27,"ARI",0
2020-09-27,"ATL",0
2020-09-27,"BUF",0
2020-09-27,"CAR",0
2020-09-27,"CHI",0
2020-09-27,"CIN",0
2020-09-27,"CLE",0
2020-09-27,"DAL",0
2020-09-27,"DEN",0
2020-09-27,"DET",0
2020-09-27,"GB",0
2020-09-27,"IND",0
2020-09-27,"LAC",0
2020-09-27,"LAR",0
2020-09-27,"LV",0
2020-09-27,"MIN",0
2020-09-27,"NE",0
2020-09-27,"NO",0
2020-09-27,"NYG",0
2020-09-27,"PHI",0
2020-09-27,"PIT",0
2020-09-27,"SEA",0
2020-09-27,"TB",0
2020-09-27,"TEN",0
2020-09-27,"WAS",0
2020-09-28,"ARI",0
2020-09-28,"ATL",0
2020-09-28,"BUF",0
2020-09-28,"CAR",0
2020-09-28,"CHI",0
2020-09-28,"CIN",0
2020-09-28,"CLE",0
2020-09-28,"DAL",0
2020-09-28,"DEN",0
2020-09-28,"DET",0
2020-09-28,"GB",0
2020-09-28,"HOU",0
2020-09-28,"IND",0
2020-09-28,"JAX",0
2020-09-28,"LAC",0
2020-09-28,"LAR",0
2020-09-28,"LV",0
2020-09-28,"MIA",0
2020-09-28,"MIN",0
2020-09-28,"NE",0
2020-09-28,"NO",0
2020-09-28,"NYG",0
2020-09-28,"NYJ",0
2020-09-28,"PHI",0
2020-09-28,"PIT",0
2020-09-28,"SEA",0
2020-09-28,"SF",0
2020-09-28,"TB",0
2020-09-28,"TEN",0
2020-09-28,"WAS",0
2020-09-28,"BAL",0
2020-09-28,"KC",0
2020-09-29,"ARI",0
2020-09-29,"ATL",0
2020-09-29,"BAL",0
2020-09-29,"BUF",0
2020-09-29,"CAR",0
2020-09-29,"CHI",0
2020-09-29,"CIN",0
2020-09-29,"CLE",0
2020-09-29,"DAL",0
2020-09-29,"DEN",0
2020-09-29,"DET",0
2020-09-29,"GB",0
2020-09-29,"HOU",0
2020-09-29,"IND",0
2020-09-29,"JAX",0
2020-09-29,"KC",0
2020-09-29,"LAC",0
2020-09-29,"LAR",0
2020-09-29,"LV",0
2020-09-29,"MIA",0
2020-09-29,"MIN",0
2020-09-29,"NE",0
2020-09-29,"NO",0
2020-09-29,"NYG",0
2020-09-29,"NYJ",0
2020-09-29,"PHI",0
2020-09-29,"PIT",0
2020-09-29,"SEA",0
2020-09-29,"SF",0
2020-09-29,"TB",0
2020-09-29,"TEN",0
2020-09-29,"WAS",0
2020-09-30,"ARI",0
2020-09-30,"ATL",0
2020-09-30,"BAL",0
2020-09-30,"BUF",0
2020-09-30,"CAR",0
2020-09-30,"CHI",0
2020-09-30,"CIN",0
2020-09-30,"CLE",0
2020-09-30,"DAL",0
2020-09-30,"DEN",0
2020-09-30,"DET",0
2020-09-30,"GB",0
2020-09-30,"HOU",0
2020-09-30,"IND",0
2020-09-30,"JAX",0
2020-09-30,"KC",0
2020-09-30,"LAC",0
2020-09-30,"LAR",0
2020-09-30,"LV",0
2020-09-30,"MIA",0
2020-09-30,"MIN",0
2020-09-30,"NE",0
2020-09-30,"NO",0
2020-09-30,"NYG",0
2020-09-30,"NYJ",0
2020-09-30,"PHI",0
2020-09-30,"PIT",0
2020-09-30,"SEA",0
2020-09-30,"SF",0
2020-09-30,"TB",0
2020-09-30,"TEN",0
2020-09-30,"WAS",0
2020-10-01,"ARI",0
2020-10-01,"ATL",0
2020-10-01,"BAL",0
2020-10-01,"BUF",0
2020-10-01,"CAR",0
2020-10-01,"CHI",0
2020-10-01,"CIN",0
2020-10-01,"CLE",0
2020-10-01,"DAL",0
2020-10-01,"DET",0
2020-10-01,"GB",0
2020-10-01,"HOU",0
2020-10-01,"IND",0
2020-10-01,"JAX",0
2020-10-01,"KC",0
2020-10-01,"LAC",0
2020-10-01,"LAR",0
2020-10-01,"LV",0
2020-10-01,"MIA",0
2020-10-01,"MIN",0
2020-10-01,"NE",0
2020-10-01,"NO",0
2020-10-01,"NYG",0
2020-10-01,"PHI",0
2020-10-01,"PIT",0
2020-10-01,"SEA",0
2020-10-01,"SF",0
2020-10-01,"TB",0
2020-10-01,"TEN",0
2020-10-01,"WAS",0
2020-10-01,"DEN",0
2020-10-01,"NYJ",0
2020-10-02,"ARI",0
2020-10-02,"ATL",0
2020-10-02,"BAL",0
2020-10-02,"BUF",0
2020-10-02,"CAR",0
2020-10-02,"CHI",0
2020-10-02,"CIN",0
2020-10-02,"CLE",0
2020-10-02,"DAL",0
2020-10-02,"DEN",0
2020-10-02,"DET",0
2020-10-02,"GB",0
2020-10-02,"HOU",0
2020-10-02,"IND",0
2020-10-02,"JAX",0
2020-10-02,"KC",0
2020-10-02,"LAC",0
2020-10-02,"LAR",0
2020-10-02,"LV",0
2020-10-02,"MIA",0
2020-10-02,"MIN",0
2020-10-02,"NE",0
2020-10-02,"NO",0
2020-10-02,"NYG",0
2020-10-02,"NYJ",0
2020-10-02,"PHI",0
2020-10-02,"PIT",0
2020-10-02,"SEA",0
2020-10-02,"SF",0
2020-10-02,"TB",0
2020-10-02,"TEN",0
2020-10-02,"WAS",0
2020-10-03,"ARI",0
2020-10-03,"ATL",0
2020-10-03,"BAL",0
2020-10-03,"BUF",0
2020-10-03,"CAR",0
2020-10-03,"CHI",0
2020-10-03,"CIN",0
2020-10-03,"CLE",0
2020-10-03,"DAL",0
2020-10-03,"DEN",0
2020-10-03,"DET",0
2020-10-03,"GB",0
2020-10-03,"HOU",0
2020-10-03,"IND",0
2020-10-03,"JAX",0
2020-10-03,"KC",0
2020-10-03,"LAC",0
2020-10-03,"LAR",0
2020-10-03,"LV",0
2020-10-03,"MIA",0
2020-10-03,"MIN",0
2020-10-03,"NE",0
2020-10-03,"NO",0
2020-10-03,"NYG",0
2020-10-03,"NYJ",0
2020-10-03,"PHI",0
2020-10-03,"PIT",0
2020-10-03,"SEA",0
2020-10-03,"SF",0
2020-10-03,"TB",0
2020-10-03,"TEN",0
2020-10-03,"WAS",0
2020-10-04,"ATL",0
2020-10-04,"BAL",0
2020-10-04,"CHI",0
2020-10-04,"DEN",0
2020-10-04,"GB",0
2020-10-04,"KC",0
2020-10-04,"MIN",0
2020-10-04,"NE",0
2020-10-04,"NYJ",0
2020-10-04,"PIT",0
2020-10-04,"TB",0
2020-10-04,"TEN",0
2020-10-04,"ARI",0
2020-10-04,"BUF",0
2020-10-04,"CAR",0
2020-10-04,"CIN",0
2020-10-04,"CLE",0
2020-10-04,"DAL",0
2020-10-04,"DET",0
2020-10-04,"HOU",0
2020-10-04,"IND",0
2020-10-04,"JAX",0
2020-10-04,"LAC",0
2020-10-04,"LAR",0
2020-10-04,"LV",0
2020-10-04,"MIA",0
2020-10-04,"NO",0
2020-10-04,"NYG",0
2020-10-04,"PHI",0
2020-10-04,"SEA",0
2020-10-04,"SF",0
2020-10-04,"WAS",0
2020-10-05,"ARI",0
2020-10-05,"BAL",0
2020-10-05,"BUF",0
2020-10-05,"CAR",0
2020-10-05,"CHI",0
2020-10-05,"CIN",0
2020-10-05,"CLE",0
2020-10-05,"DAL",0
2020-10-05,"DEN",0
2020-10-05,"DET",0
2020-10-05,"HOU",0
2020-10-05,"IND",0
2020-10-05,"JAX",0
2020-10-05,"KC",0
2020-10-05,"LAC",0
2020-10-05,"LAR",0
2020-10-05,"LV",0
2020-10-05,"MIA",0
2020-10-05,"MIN",0
2020-10-05,"NE",0
2020-10-05,"NO",0
2020-10-05,"NYG",0
2020-10-05,"NYJ",0
2020-10-05,"PHI",0
2020-10-05,"PIT",0
2020-10-05,"SEA",0
2020-10-05,"SF",0
2020-10-05,"TB",0
2020-10-05,"TEN",0
2020-10-05,"WAS",0
2020-10-05,"ATL",0
2020-10-05,"GB",0
2020-10-06,"ARI",0
2020-10-06,"ATL",0
2020-10-06,"BAL",0
2020-10-06,"BUF",0
2020-10-06,"CAR",0
2020-10-06,"CHI",0
2020-10-06,"CIN",0
2020-10-06,"CLE",0
2020-10-06,"DAL",0
2020-10-06,"DEN",0
2020-10-06,"DET",0
2020-10-06,"GB",0
2020-10-06,"HOU",0
2020-10-06,"IND",0
2020-10-06,"JAX",0
2020-10-06,"KC",0
2020-10-06,"LAC",0
2020-10-06,"LAR",0
2020-10-06,"LV",0
2020-10-06,"MIA",0
2020-10-06,"MIN",0
2020-10-06,"NE",0
2020-10-06,"NO",0
2020-10-06,"NYG",0
2020-10-06,"NYJ",0
2020-10-06,"PHI",0
2020-10-06,"PIT",0
2020-10-06,"SEA",0
2020-10-06,"SF",0
2020-10-06,"TB",0
2020-10-06,"TEN",0
2020-10-06,"WAS",0
2020-10-07,"ARI",0
2020-10-07,"ATL",0
2020-10-07,"BAL",0
2020-10-07,"BUF",0
2020-10-07,"CAR",0
2020-10-07,"CHI",0
2020-10-07,"CIN",0
2020-10-07,"CLE",0
2020-10-07,"DAL",0
2020-10-07,"DEN",0
2020-10-07,"DET",0
2020-10-07,"GB",0
2020-10-07,"HOU",0
2020-10-07,"IND",0
2020-10-07,"JAX",0
2020-10-07,"KC",0
2020-10-07,"LAC",0
2020-10-07,"LAR",0
2020-10-07,"LV",0
2020-10-07,"MIA",0
2020-10-07,"MIN",0
2020-10-07,"NE",0
2020-10-07,"NO",0
2020-10-07,"NYG",0
2020-10-07,"NYJ",0
2020-10-07,"PHI",0
2020-10-07,"PIT",0
2020-10-07,"SEA",0
2020-10-07,"SF",0
2020-10-07,"TB",0
2020-10-07,"TEN",0
2020-10-07,"WAS",0
2020-10-08,"ARI",0
2020-10-08,"ATL",0
2020-10-08,"BAL",0
2020-10-08,"BUF",0
2020-10-08,"CAR",0
2020-10-08,"CIN",0
2020-10-08,"CLE",0
2020-10-08,"DAL",0
2020-10-08,"DEN",0
2020-10-08,"DET",0
2020-10-08,"GB",0
2020-10-08,"HOU",0
2020-10-08,"IND",0
2020-10-08,"JAX",0
2020-10-08,"KC",0
2020-10-08,"LAC",0
2020-10-08,"LAR",0
2020-10-08,"LV",0
2020-10-08,"MIA",0
2020-10-08,"MIN",0
2020-10-08,"NE",0
2020-10-08,"NO",0
2020-10-08,"NYG",0
2020-10-08,"NYJ",0
2020-10-08,"PHI",0
2020-10-08,"PIT",0
2020-10-08,"SEA",0
2020-10-08,"SF",0
2020-10-08,"TEN",0
2020-10-08,"WAS",0
2020-10-08,"CHI",0
2020-10-08,"TB",0
2020-10-09,"ARI",0
2020-10-09,"ATL",0
2020-10-09,"BAL",0
2020-10-09,"BUF",0
2020-10-09,"CAR",0
2020-10-09,"CHI",0
2020-10-09,"CIN",0
2020-10-09,"CLE",0
2020-10-09,"DAL",0
2020-10-09,"DEN",0
2020-10-09,"DET",0
2020-10-09,"GB",0
2020-10-09,"HOU",0
2020-10-09,"IND",0
2020-10-09,"JAX",0
2020-10-09,"KC",0
2020-10-09,"LAC",0
2020-10-09,"LAR",0
2020-10-09,"LV",0
2020-10-09,"MIA",0
2020-10-09,"MIN",0
2020-10-09,"NE",0
2020-10-09,"NO",0
2020-10-09,"NYG",0
2020-10-09,"NYJ",0
2020-10-09,"PHI",0
2020-10-09,"PIT",0
2020-10-09,"SEA",0
2020-10-09,"SF",0
2020-10-09,"TB",0
2020-10-09,"TEN",0
2020-10-09,"WAS",0
2020-10-10,"ARI",0
2020-10-10,"ATL",0
2020-10-10,"BAL",0
2020-10-10,"BUF",0
2020-10-10,"CAR",0
2020-10-10,"CHI",0
2020-10-10,"CIN",0
2020-10-10,"CLE",0
2020-10-10,"DAL",0
2020-10-10,"DEN",0
2020-10-10,"DET",0
2020-10-10,"GB",0
2020-10-10,"HOU",0
2020-10-10,"IND",0
2020-10-10,"JAX",0
2020-10-10,"KC",0
2020-10-10,"LAC",0
2020-10-10,"LAR",0
2020-10-10,"LV",0
2020-10-10,"MIA",0
2020-10-10,"MIN",0
2020-10-10,"NE",0
2020-10-10,"NO",0
2020-10-10,"NYG",0
2020-10-10,"NYJ",0
2020-10-10,"PHI",0
2020-10-10,"PIT",0
2020-10-10,"SEA",0
2020-10-10,"SF",0
2020-10-10,"TB",0
2020-10-10,"TEN",0
2020-10-10,"WAS",0
2020-10-11,"BUF",0
2020-10-11,"CHI",0
2020-10-11,"DEN",0
2020-10-11,"DET",0
2020-10-11,"GB",0
2020-10-11,"HOU",0
2020-10-11,"JAX",0
2020-10-11,"KC",0
2020-10-11,"LAC",0
2020-10-11,"LV",0
2020-10-11,"NE",0
2020-10-11,"NO",0
2020-10-11,"TB",0
2020-10-11,"TEN",0
2020-10-11,"ARI",0
2020-10-11,"ATL",0
2020-10-11,"BAL",0
2020-10-11,"CAR",0
2020-10-11,"CIN",0
2020-10-11,"CLE",0
2020-10-11,"DAL",0
2020-10-11,"IND",0
2020-10-11,"LAR",0
2020-10-11,"MIA",0
2020-10-11,"MIN",0
2020-10-11,"NYG",0
2020-10-11,"NYJ",0
2020-10-11,"PHI",0
2020-10-11,"PIT",0
2020-10-11,"SEA",0
2020-10-11,"SF",0
2020-10-11,"WAS",0
2020-10-12,"ARI",0
2020-10-12,"ATL",0
2020-10-12,"BAL",0
2020-10-12,"BUF",0
2020-10-12,"CAR",0
2020-10-12,"CHI",0
2020-10-12,"CIN",0
2020-10-12,"CLE",0
2020-10-12,"DAL",0
2020-10-12,"DEN",0
2020-10-12,"DET",0
2020-10-12,"GB",0
2020-10-12,"HOU",0
2020-10-12,"IND",0
2020-10-12,"JAX",0
2020-10-12,"KC",0
2020-10-12,"LAR",0
2020-10-12,"LV",0
2020-10-12,"MIA",0
2020-10-12,"MIN",0
2020-10-12,"NE",0
2020-10-12,"NYG",0
2020-10-12,"NYJ",0
2020-10-12,"PHI",0
2020-10-12,"PIT",0
2020-10-12,"SEA",0
2020-10-12,"SF",0
2020-10-12,"TB",0
2020-10-12,"TEN",0
2020-10-12,"WAS",0
2020-10-12,"LAC",0
2020-10-12,"NO",0
2020-10-13,"ARI",0
2020-10-13,"ATL",0
2020-10-13,"BAL",0
2020-10-13,"BUF",0
2020-10-13,"CAR",0
2020-10-13,"CHI",0
2020-10-13,"CIN",0
2020-10-13,"CLE",0
2020-10-13,"DAL",0
2020-10-13,"DEN",0
2020-10-13,"DET",0
2020-10-13,"GB",0
2020-10-13,"HOU",0
2020-10-13,"IND",0
2020-10-13,"JAX",0
2020-10-13,"KC",0
2020-10-13,"LAC",0
2020-10-13,"LAR",0
2020-10-13,"LV",0
2020-10-13,"MIA",0
2020-10-13,"MIN",0
2020-10-13,"NE",0
2020-10-13,"NO",0
2020-10-13,"NYG",0
2020-10-13,"NYJ",0
2020-10-13,"PHI",0
2020-10-13,"PIT",0
2020-10-13,"SEA",0
2020-10-13,"SF",0
2020-10-13,"TB",0
2020-10-13,"TEN",0
2020-10-13,"WAS",0
2020-10-14,"ARI",0
2020-10-14,"ATL",0
2020-10-14,"BAL",0
2020-10-14,"BUF",0
2020-10-14,"CAR",0
2020-10-14,"CHI",0
2020-10-14,"CIN",0
2020-10-14,"CLE",0
2020-10-14,"DAL",0
2020-10-14,"DEN",0
2020-10-14,"DET",0
2020-10-14,"GB",0
2020-10-14,"HOU",0
2020-10-14,"IND",0
2020-10-14,"JAX",0
2020-10-14,"KC",0
2020-10-14,"LAC",0
2020-10-14,"LAR",0
2020-10-14,"LV",0
2020-10-14,"MIA",0
2020-10-14,"MIN",0
2020-10-14,"NE",0
2020-10-14,"NO",0
2020-10-14,"NYG",0
2020-10-14,"NYJ",0
2020-10-14,"PHI",0
2020-10-14,"PIT",0
2020-10-14,"SEA",0
2020-10-14,"SF",0
2020-10-14,"TB",0
2020-10-14,"TEN",0
2020-10-14,"WAS",0
2020-10-15,"ARI",0
2020-10-15,"ATL",0
2020-10-15,"BAL",0
2020-10-15,"BUF",0
2020-10-15,"CAR",0
2020-10-15,"CHI",0
2020-10-15,"CIN",0
2020-10-15,"CLE",0
2020-10-15,"DAL",0
2020-10-15,"DEN",0
2020-10-15,"DET",0
2020-10-15,"GB",0
2020-10-15,"HOU",0
2020-10-15,"IND",0
2020-10-15,"JAX",0
2020-10-15,"KC",0
2020-10-15,"LAC",0
2020-10-15,"LAR",0
2020-10-15,"LV",0
2020-10-15,"MIA",0
2020-10-15,"MIN",0
2020-10-15,"NE",0
2020-10-15,"NO",0
2020-10-15,"NYG",0
2020-10-15,"NYJ",0
2020-10-15,"PHI",0
2020-10-15,"PIT",0
2020-10-15,"SEA",0
2020-10-15,"SF",0
2020-10-15,"TB",0
2020-10-15,"TEN",0
2020-10-15,"WAS",0
2020-10-16,"ARI",0
2020-10-16,"ATL",0
2020-10-16,"BAL",0
2020-10-16,"BUF",0
2020-10-16,"CAR",0
2020-10-16,"CHI",0
2020-10-16,"CIN",0
2020-10-16,"CLE",0
2020-10-16,"DAL",0
2020-10-16,"DEN",0
2020-10-16,"DET",0
2020-10-16,"GB",0
2020-10-16,"HOU",0
2020-10-16,"IND",0
2020-10-16,"JAX",0
2020-10-16,"KC",0
2020-10-16,"LAC",0
2020-10-16,"LAR",0
2020-10-16,"LV",0
2020-10-16,"MIA",0
2020-10-16,"MIN",0
2020-10-16,"NE",0
2020-10-16,"NO",0
2020-10-16,"NYG",0
2020-10-16,"NYJ",0
2020-10-16,"PHI",0
2020-10-16,"PIT",0
2020-10-16,"SEA",0
2020-10-16,"SF",0
2020-10-16,"TB",0
2020-10-16,"TEN",0
2020-10-16,"WAS",0
2020-10-17,"ARI",0
2020-10-17,"ATL",0
2020-10-17,"BAL",0
2020-10-17,"BUF",0
2020-10-17,"CAR",0
2020-10-17,"CHI",0
2020-10-17,"CIN",0
2020-10-17,"CLE",0
2020-10-17,"DAL",0
2020-10-17,"DEN",0
2020-10-17,"DET",0
2020-10-17,"GB",0
2020-10-17,"HOU",0
2020-10-17,"IND",0
2020-10-17,"JAX",0
2020-10-17,"KC",0
2020-10-17,"LAC",0
2020-10-17,"LAR",0
2020-10-17,"LV",0
2020-10-17,"MIA",0
2020-10-17,"MIN",0
2020-10-17,"NE",0
2020-10-17,"NO",0
2020-10-17,"NYG",0
2020-10-17,"NYJ",0
2020-10-17,"PHI",0
2020-10-17,"PIT",0
2020-10-17,"SEA",0
2020-10-17,"SF",0
2020-10-17,"TB",0
2020-10-17,"TEN",0
2020-10-17,"WAS",0
2020-10-18,"ARI",0
2020-10-18,"ATL",0
2020-10-18,"BAL",0
2020-10-18,"BUF",0
2020-10-18,"CAR",0
2020-10-18,"CHI",0
2020-10-18,"CIN",0
2020-10-18,"CLE",0
2020-10-18,"DAL",0
2020-10-18,"DEN",0
2020-10-18,"DET",0
2020-10-18,"GB",0
2020-10-18,"HOU",0
2020-10-18,"IND",0
2020-10-18,"JAX",0
2020-10-18,"KC",0
2020-10-18,"LAC",0
2020-10-18,"LAR",0
2020-10-18,"LV",0
2020-10-18,"MIA",0
2020-10-18,"MIN",0
2020-10-18,"NE",0
2020-10-18,"NO",0
2020-10-18,"NYG",0
2020-10-18,"NYJ",0
2020-10-18,"PHI",0
2020-10-18,"PIT",0
2020-10-18,"SEA",0
2020-10-18,"SF",0
2020-10-18,"TB",0
2020-10-18,"TEN",0
2020-10-18,"WAS",0
2020-10-19,"ARI",0
2020-10-19,"ATL",0
2020-10-19,"BAL",0
2020-10-19,"BUF",0
2020-10-19,"CAR",0
2020-10-19,"CHI",0
2020-10-19,"CIN",0
2020-10-19,"CLE",0
2020-10-19,"DAL",0
2020-10-19,"DEN",0
2020-10-19,"DET",0
2020-10-19,"GB",0
2020-10-19,"HOU",0
2020-10-19,"IND",0
2020-10-19,"JAX",0
2020-10-19,"KC",0
2020-10-19,"LAC",0
2020-10-19,"LAR",0
2020-10-19,"LV",0
2020-10-19,"MIA",0
2020-10-19,"MIN",0
2020-10-19,"NE",0
2020-10-19,"NO",0
2020-10-19,"NYG",0
2020-10-19,"NYJ",0
2020-10-19,"PHI",0
2020-10-19,"PIT",0
2020-10-19,"SEA",0
2020-10-19,"SF",0
2020-10-19,"TB",0
2020-10-19,"TEN",0
2020-10-19,"WAS",0
2020-10-20,"ARI",0
2020-10-20,"ATL",0
2020-10-20,"BAL",0
2020-10-20,"BUF",0
2020-10-20,"CAR",0
2020-10-20,"CHI",0
2020-10-20,"CIN",0
2020-10-20,"CLE",0
2020-10-20,"DAL",0
2020-10-20,"DEN",0
2020-10-20,"DET",0
2020-10-20,"GB",0
2020-10-20,"HOU",0
2020-10-20,"IND",0
2020-10-20,"JAX",0
2020-10-20,"KC",0
2020-10-20,"LAC",0
2020-10-20,"LAR",0
2020-10-20,"LV",0
2020-10-20,"MIA",0
2020-10-20,"MIN",0
2020-10-20,"NE",0
2020-10-20,"NO",0
2020-10-20,"NYG",0
2020-10-20,"NYJ",0
2020-10-20,"PHI",0
2020-10-20,"PIT",0
2020-10-20,"SEA",0
2020-10-20,"SF",0
2020-10-20,"TB",0
2020-10-20,"TEN",0
2020-10-20,"WAS",0
2020-10-21,"ARI",0
2020-10-21,"ATL",0
2020-10-21,"BAL",0
2020-10-21,"BUF",0
2020-10-21,"CAR",0
2020-10-21,"CHI",0
2020-10-21,"CIN",0
2020-10-21,"CLE",0
2020-10-21,"DAL",0
2020-10-21,"DEN",0
2020-10-21,"DET",0
2020-10-21,"GB",0
2020-10-21,"HOU",0
2020-10-21,"IND",0
2020-10-21,"JAX",0
2020-10-21,"KC",0
2020-10-21,"LAC",0
2020-10-21,"LAR",0
2020-10-21,"LV",0
2020-10-21,"MIA",0
2020-10-21,"MIN",0
2020-10-21,"NE",0
2020-10-21,"NO",0
2020-10-21,"NYG",0
2020-10-21,"NYJ",0
2020-10-21,"PHI",0
2020-10-21,"PIT",0
2020-10-21,"SEA",0
2020-10-21,"SF",0
2020-10-21,"TB",0
2020-10-21,"TEN",0
2020-10-21,"WAS",0
2020-10-22,"ARI",0
2020-10-22,"ATL",0
2020-10-22,"BAL",0
2020-10-22,"BUF",0
2020-10-22,"CAR",0
2020-10-22,"CHI",0
2020-10-22,"CIN",0
2020-10-22,"CLE",0
2020-10-22,"DAL",0
2020-10-22,"DEN",0
2020-10-22,"DET",0
2020-10-22,"GB",0
2020-10-22,"HOU",0
2020-10-22,"IND",0
2020-10-22,"JAX",0
2020-10-22,"KC",0
2020-10-22,"LAC",0
2020-10-22,"LAR",0
2020-10-22,"LV",0
2020-10-22,"MIA",0
2020-10-22,"MIN",0
2020-10-22,"NE",0
2020-10-22,"NO",0
2020-10-22,"NYG",0
2020-10-22,"NYJ",0
2020-10-22,"PHI",0
2020-10-22,"PIT",0
2020-10-22,"SEA",0
2020-10-22,"SF",0
2020-10-22,"TB",0
2020-10-22,"TEN",0
2020-10-22,"WAS",0
2020-10-23,"ARI",0
2020-10-23,"ATL",0
2020-10-23,"BAL",0
2020-10-23,"BUF",0
2020-10-23,"CAR",0
2020-10-23,"CHI",0
2020-10-23,"CIN",0
2020-10-23,"CLE",0
2020-10-23,"DAL",0
2020-10-23,"DEN",0
2020-10-23,"DET",0
2020-10-23,"GB",0
2020-10-23,"HOU",0
2020-10-23,"IND",0
2020-10-23,"JAX",0
2020-10-23,"KC",0
2020-10-23,"LAC",0
2020-10-23,"LAR",0
2020-10-23,"LV",0
2020-10-23,"MIA",0
2020-10-23,"MIN",0
2020-10-23,"NE",0
2020-10-23,"NO",0
2020-10-23,"NYG",0
2020-10-23,"NYJ",0
2020-10-23,"PHI",0
2020-10-23,"PIT",0
2020-10-23,"SEA",0
2020-10-23,"SF",0
2020-10-23,"TB",0
2020-10-23,"TEN",0
2020-10-23,"WAS",0
2020-10-24,"ARI",0
2020-10-24,"ATL",0
2020-10-24,"BAL",0
2020-10-24,"BUF",0
2020-10-24,"CAR",0
2020-10-24,"CHI",0
2020-10-24,"CIN",0
2020-10-24,"CLE",0
2020-10-24,"DAL",0
2020-10-24,"DEN",0
2020-10-24,"DET",0
2020-10-24,"GB",0
2020-10-24,"HOU",0
2020-10-24,"IND",0
2020-10-24,"JAX",0
2020-10-24,"KC",0
2020-10-24,"LAC",0
2020-10-24,"LAR",0
2020-10-24,"LV",0
2020-10-24,"MIA",0
2020-10-24,"MIN",0
2020-10-24,"NE",0
2020-10-24,"NO",0
2020-10-24,"NYG",0
2020-10-24,"NYJ",0
2020-10-24,"PHI",0
2020-10-24,"PIT",0
2020-10-24,"SEA",0
2020-10-24,"SF",0
2020-10-24,"TB",0
2020-10-24,"TEN",0
2020-10-24,"WAS",0
2020-10-25,"ARI",0
2020-10-25,"ATL",0
2020-10-25,"BAL",0
2020-10-25,"BUF",0
2020-10-25,"CAR",0
2020-10-25,"CHI",0
2020-10-25,"CIN",0
2020-10-25,"CLE",0
2020-10-25,"DAL",0
2020-10-25,"DEN",0
2020-10-25,"DET",0
2020-10-25,"GB",0
2020-10-25,"HOU",0
2020-10-25,"IND",0
2020-10-25,"JAX",0
2020-10-25,"KC",0
2020-10-25,"LAC",0
2020-10-25,"LAR",0
2020-10-25,"LV",0
2020-10-25,"MIA",0
2020-10-25,"MIN",0
2020-10-25,"NE",0
2020-10-25,"NO",0
2020-10-25,"NYG",0
2020-10-25,"NYJ",0
2020-10-25,"PHI",0
2020-10-25,"PIT",0
2020-10-25,"SEA",0
2020-10-25,"SF",0
2020-10-25,"TB",0
2020-10-25,"TEN",0
2020-10-25,"WAS",0
2020-10-26,"ARI",0
2020-10-26,"ATL",0
2020-10-26,"BAL",0
2020-10-26,"BUF",0
2020-10-26,"CAR",0
2020-10-26,"CHI",0
2020-10-26,"CIN",0
2020-10-26,"CLE",0
2020-10-26,"DAL",0
2020-10-26,"DEN",0
2020-10-26,"DET",0
2020-10-26,"GB",0
2020-10-26,"HOU",0
2020-10-26,"IND",0
2020-10-26,"JAX",0
2020-10-26,"KC",0
2020-10-26,"LAC",0
2020-10-26,"LAR",0
2020-10-26,"LV",0
2020-10-26,"MIA",0
2020-10-26,"MIN",0
2020-10-26,"NE",0
2020-10-26,"NO",0
2020-10-26,"NYG",0
2020-10-26,"NYJ",0
2020-10-26,"PHI",0
2020-10-26,"PIT",0
2020-10-26,"SEA",0
2020-10-26,"SF",0
2020-10-26,"TB",0
2020-10-26,"TEN",0
2020-10-26,"WAS",0
2020-10-27,"ARI",0
2020-10-27,"ATL",0
2020-10-27,"BAL",0
2020-10-27,"BUF",0
2020-10-27,"CAR",0
2020-10-27,"CHI",0
2020-10-27,"CIN",0
2020-10-27,"CLE",0
2020-10-27,"DAL",0
2020-10-27,"DEN",0
2020-10-27,"DET",0
2020-10-27,"GB",0
2020-10-27,"HOU",0
2020-10-27,"IND",0
2020-10-27,"JAX",0
2020-10-27,"KC",0
2020-10-27,"LAC",0
2020-10-27,"LAR",0
2020-10-27,"LV",0
2020-10-27,"MIA",0
2020-10-27,"MIN",0
2020-10-27,"NE",0
2020-10-27,"NO",0
2020-10-27,"NYG",0
2020-10-27,"NYJ",0
2020-10-27,"PHI",0
2020-10-27,"PIT",0
2020-10-27,"SEA",0
2020-10-27,"SF",0
2020-10-27,"TB",0
2020-10-27,"TEN",0
2020-10-27,"WAS",0
2020-10-28,"ARI",0
2020-10-28,"ATL",0
2020-10-28,"BAL",0
2020-10-28,"BUF",0
2020-10-28,"CAR",0
2020-10-28,"CHI",0
2020-10-28,"CIN",0
2020-10-28,"CLE",0
2020-10-28,"DAL",0
2020-10-28,"DEN",0
2020-10-28,"DET",0
2020-10-28,"GB",0
2020-10-28,"HOU",0
2020-10-28,"IND",0
2020-10-28,"JAX",0
2020-10-28,"KC",0
2020-10-28,"LAC",0
2020-10-28,"LAR",0
2020-10-28,"LV",0
2020-10-28,"MIA",0
2020-10-28,"MIN",0
2020-10-28,"NE",0
2020-10-28,"NO",0
2020-10-28,"NYG",0
2020-10-28,"NYJ",0
2020-10-28,"PHI",0
2020-10-28,"PIT",0
2020-10-28,"SEA",0
2020-10-28,"SF",0
2020-10-28,"TB",0
2020-10-28,"TEN",0
2020-10-28,"WAS",0
2020-10-29,"ARI",0
2020-10-29,"ATL",0
2020-10-29,"BAL",0
2020-10-29,"BUF",0
2020-10-29,"CAR",0
2020-10-29,"CHI",0
2020-10-29,"CIN",0
2020-10-29,"CLE",0
2020-10-29,"DAL",0
2020-10-29,"DEN",0
2020-10-29,"DET",0
2020-10-29,"GB",0
2020-10-29,"HOU",0
2020-10-29,"IND",0
2020-10-29,"JAX",0
2020-10-29,"KC",0
2020-10-29,"LAC",0
2020-10-29,"LAR",0
2020-10-29,"LV",0
2020-10-29,"MIA",0
2020-10-29,"MIN",0
2020-10-29,"NE",0
2020-10-29,"NO",0
2020-10-29,"NYG",0
2020-10-29,"NYJ",0
2020-10-29,"PHI",0
2020-10-29,"PIT",0
2020-10-29,"SEA",0
2020-10-29,"SF",0
2020-10-29,"TB",0
2020-10-29,"TEN",0
2020-10-29,"WAS",0
2020-10-30,"ARI",0
2020-10-30,"ATL",0
2020-10-30,"BAL",0
2020-10-30,"BUF",0
2020-10-30,"CAR",0
2020-10-30,"CHI",0
2020-10-30,"CIN",0
2020-10-30,"CLE",0
2020-10-30,"DAL",0
2020-10-30,"DEN",0
2020-10-30,"DET",0
2020-10-30,"GB",0
2020-10-30,"HOU",0
2020-10-30,"IND",0
2020-10-30,"JAX",0
2020-10-30,"KC",0
2020-10-30,"LAC",0
2020-10-30,"LAR",0
2020-10-30,"LV",0
2020-10-30,"MIA",0
2020-10-30,"MIN",0
2020-10-30,"NE",0
2020-10-30,"NO",0
2020-10-30,"NYG",0
2020-10-30,"NYJ",0
2020-10-30,"PHI",0
2020-10-30,"PIT",0
2020-10-30,"SEA",0
2020-10-30,"SF",0
2020-10-30,"TB",0
2020-10-30,"TEN",0
2020-10-30,"WAS",0
2020-10-31,"ARI",0
2020-10-31,"ATL",0
2020-10-31,"BAL",0
2020-10-31,"BUF",0
2020-10-31,"CAR",0
2020-10-31,"CHI",0
2020-10-31,"CIN",0
2020-10-31,"CLE",0
2020-10-31,"DAL",0
2020-10-31,"DEN",0
2020-10-31,"DET",0
2020-10-31,"GB",0
2020-10-31,"HOU",0
2020-10-31,"IND",0
2020-10-31,"JAX",0
2020-10-31,"KC",0
2020-10-31,"LAC",0
2020-10-31,"LAR",0
2020-10-31,"LV",0
2020-10-31,"MIA",0
2020-10-31,"MIN",0
2020-10-31,"NE",0
2020-10-31,"NO",0
2020-10-31,"NYG",0
2020-10-31,"NYJ",0
2020-10-31,"PHI",0
2020-10-31,"PIT",0
2020-10-31,"SEA",0
2020-10-31,"SF",0
2020-10-31,"TB",0
2020-10-31,"TEN",0
2020-10-31,"WAS",0
2020-11-01,"ARI",0
2020-11-01,"ATL",0
2020-11-01,"BAL",0
2020-11-01,"BUF",0
2020-11-01,"CAR",0
2020-11-01,"CHI",0
2020-11-01,"CIN",0
2020-11-01,"CLE",0
2020-11-01,"DAL",0
2020-11-01,"DEN",0
2020-11-01,"DET",0
2020-11-01,"GB",0
2020-11-01,"HOU",0
2020-11-01,"IND",0
2020-11-01,"JAX",0
2020-11-01,"KC",0
2020-11-01,"LAC",0
2020-11-01,"LAR",0
2020-11-01,"LV",0
2020-11-01,"MIA",0
2020-11-01,"MIN",0
2020-11-01,"NE",0
2020-11-01,"NO",0
2020-11-01,"NYG",0
2020-11-01,"NYJ",0
2020-11-01,"PHI",0
2020-11-01,"PIT",0
2020-11-01,"SEA",0
2020-11-01,"SF",0
2020-11-01,"TB",0
2020-11-01,"TEN",0
2020-11-01,"WAS",0
2020-11-02,"ARI",0
2020-11-02,"ATL",0
2020-11-02,"BAL",0
2020-11-02,"BUF",0
2020-11-02,"CAR",0
2020-11-02,"CHI",0
2020-11-02,"CIN",0
2020-11-02,"CLE",0
2020-11-02,"DAL",0
2020-11-02,"DEN",0
2020-11-02,"DET",0
2020-11-02,"GB",0
2020-11-02,"HOU",0
2020-11-02,"IND",0
2020-11-02,"JAX",0
2020-11-02,"KC",0
2020-11-02,"LAC",0
2020-11-02,"LAR",0
2020-11-02,"LV",0
2020-11-02,"MIA",0
2020-11-02,"MIN",0
2020-11-02,"NE",0
2020-11-02,"NO",0
2020-11-02,"NYG",0
2020-11-02,"NYJ",0
2020-11-02,"PHI",0
2020-11-02,"PIT",0
2020-11-02,"SEA",0
2020-11-02,"SF",0
2020-11-02,"TB",0
2020-11-02,"TEN",0
2020-11-02,"WAS",0
2020-11-03,"ARI",0
2020-11-03,"ATL",0
2020-11-03,"BAL",0
2020-11-03,"BUF",0
2020-11-03,"CAR",0
2020-11-03,"CHI",0
2020-11-03,"CIN",0
2020-11-03,"CLE",0
2020-11-03,"DAL",0
2020-11-03,"DEN",0
2020-11-03,"DET",0
2020-11-03,"GB",0
2020-11-03,"HOU",0
2020-11-03,"IND",0
2020-11-03,"JAX",0
2020-11-03,"KC",0
2020-11-03,"LAC",0
2020-11-03,"LAR",0
2020-11-03,"LV",0
2020-11-03,"MIA",0
2020-11-03,"MIN",0
2020-11-03,"NE",0
2020-11-03,"NO",0
2020-11-03,"NYG",0
2020-11-03,"NYJ",0
2020-11-03,"PHI",0
2020-11-03,"PIT",0
2020-11-03,"SEA",0
2020-11-03,"SF",0
2020-11-03,"TB",0
2020-11-03,"TEN",0
2020-11-03,"WAS",0
2020-11-04,"ARI",0
2020-11-04,"ATL",0
2020-11-04,"BAL",0
2020-11-04,"BUF",0
2020-11-04,"CAR",0
2020-11-04,"CHI",0
2020-11-04,"CIN",0
2020-11-04,"CLE",0
2020-11-04,"DAL",0
2020-11-04,"DEN",0
2020-11-04,"DET",0
2020-11-04,"GB",0
2020-11-04,"HOU",0
2020-11-04,"IND",0
2020-11-04,"JAX",0
2020-11-04,"KC",0
2020-11-04,"LAC",0
2020-11-04,"LAR",0
2020-11-04,"LV",0
2020-11-04,"MIA",0
2020-11-04,"MIN",0
2020-11-04,"NE",0
2020-11-04,"NO",0
2020-11-04,"NYG",0
2020-11-04,"NYJ",0
2020-11-04,"PHI",0
2020-11-04,"PIT",0
2020-11-04,"SEA",0
2020-11-04,"SF",0
2020-11-04,"TB",0
2020-11-04,"TEN",0
2020-11-04,"WAS",0
2020-11-05,"ARI",0
2020-11-05,"ATL",0
2020-11-05,"BAL",0
2020-11-05,"BUF",0
2020-11-05,"CAR",0
2020-11-05,"CHI",0
2020-11-05,"CIN",0
2020-11-05,"CLE",0
2020-11-05,"DAL",0
2020-11-05,"DEN",0
2020-11-05,"DET",0
2020-11-05,"GB",0
2020-11-05,"HOU",0
2020-11-05,"IND",0
2020-11-05,"JAX",0
2020-11-05,"KC",0
2020-11-05,"LAC",0
2020-11-05,"LAR",0
2020-11-05,"LV",0
2020-11-05,"MIA",0
2020-11-05,"MIN",0
2020-11-05,"NE",0
2020-11-05,"NO",0
2020-11-05,"NYG",0
2020-11-05,"NYJ",0
2020-11-05,"PHI",0
2020-11-05,"PIT",0
2020-11-05,"SEA",0
2020-11-05,"SF",0
2020-11-05,"TB",0
2020-11-05,"TEN",0
2020-11-05,"WAS",0
2020-11-06,"ARI",0
2020-11-06,"ATL",0
2020-11-06,"BAL",0
2020-11-06,"BUF",0
2020-11-06,"CAR",0
2020-11-06,"CHI",0
2020-11-06,"CIN",0
2020-11-06,"CLE",0
2020-11-06,"DAL",0
2020-11-06,"DEN",0
2020-11-06,"DET",0
2020-11-06,"GB",0
2020-11-06,"HOU",0
2020-11-06,"IND",0
2020-11-06,"JAX",0
2020-11-06,"KC",0
2020-11-06,"LAC",0
2020-11-06,"LAR",0
2020-11-06,"LV",0
2020-11-06,"MIA",0
2020-11-06,"MIN",0
2020-11-06,"NE",0
2020-11-06,"NO",0
2020-11-06,"NYG",0
2020-11-06,"NYJ",0
2020-11-06,"PHI",0
2020-11-06,"PIT",0
2020-11-06,"SEA",0
2020-11-06,"SF",0
2020-11-06,"TB",0
2020-11-06,"TEN",0
2020-11-06,"WAS",0
2020-11-07,"ARI",0
2020-11-07,"ATL",0
2020-11-07,"BAL",0
2020-11-07,"BUF",0
2020-11-07,"CAR",0
2020-11-07,"CHI",0
2020-11-07,"CIN",0
2020-11-07,"CLE",0
2020-11-07,"DAL",0
2020-11-07,"DEN",0
2020-11-07,"DET",0
2020-11-07,"GB",0
2020-11-07,"HOU",0
2020-11-07,"IND",0
2020-11-07,"JAX",0
2020-11-07,"KC",0
2020-11-07,"LAC",0
2020-11-07,"LAR",0
2020-11-07,"LV",0
2020-11-07,"MIA",0
2020-11-07,"MIN",0
2020-11-07,"NE",0
2020-11-07,"NO",0
2020-11-07,"NYG",0
2020-11-07,"NYJ",0
2020-11-07,"PHI",0
2020-11-07,"PIT",0
2020-11-07,"SEA",0
2020-11-07,"SF",0
2020-11-07,"TB",0
2020-11-07,"TEN",0
2020-11-07,"WAS",0
2020-11-08,"ARI",0
2020-11-08,"ATL",0
2020-11-08,"BAL",0
2020-11-08,"BUF",0
2020-11-08,"CAR",0
2020-11-08,"CHI",0
2020-11-08,"CIN",0
2020-11-08,"CLE",0
2020-11-08,"DAL",0
2020-11-08,"DEN",0
2020-11-08,"DET",0
2020-11-08,"GB",0
2020-11-08,"HOU",0
2020-11-08,"IND",0
2020-11-08,"JAX",0
2020-11-08,"KC",0
2020-11-08,"LAC",0
2020-11-08,"LAR",0
2020-11-08,"LV",0
2020-11-08,"MIA",0
2020-11-08,"MIN",0
2020-11-08,"NE",0
2020-11-08,"NO",0
2020-11-08,"NYG",0
2020-11-08,"NYJ",0
2020-11-08,"PHI",0
2020-11-08,"PIT",0
2020-11-08,"SEA",0
2020-11-08,"SF",0
2020-11-08,"TB",0
2020-11-08,"TEN",0
2020-11-08,"WAS",0
2020-11-09,"ARI",0
2020-11-09,"ATL",0
2020-11-09,"BAL",0
2020-11-09,"BUF",0
2020-11-09,"CAR",0
2020-11-09,"CHI",0
2020-11-09,"CIN",0
2020-11-09,"CLE",0
2020-11-09,"DAL",0
2020-11-09,"DEN",0
2020-11-09,"DET",0
2020-11-09,"GB",0
2020-11-09,"HOU",0
2020-11-09,"IND",0
2020-11-09,"JAX",0
2020-11-09,"KC",0
2020-11-09,"LAC",0
2020-11-09,"LAR",0
2020-11-09,"LV",0
2020-11-09,"MIA",0
2020-11-09,"MIN",0
2020-11-09,"NE",0
2020-11-09,"NO",0
2020-11-09,"NYG",0
2020-11-09,"NYJ",0
2020-11-09,"PHI",0
2020-11-09,"PIT",0
2020-11-09,"SEA",0
2020-11-09,"SF",0
2020-11-09,"TB",0
2020-11-09,"TEN",0
2020-11-09,"WAS",0
2020-11-10,"ARI",0
2020-11-10,"ATL",0
2020-11-10,"BAL",0
2020-11-10,"BUF",0
2020-11-10,"CAR",0
2020-11-10,"CHI",0
2020-11-10,"CIN",0
2020-11-10,"CLE",0
2020-11-10,"DAL",0
2020-11-10,"DEN",0
2020-11-10,"DET",0
2020-11-10,"GB",0
2020-11-10,"HOU",0
2020-11-10,"IND",0
2020-11-10,"JAX",0
2020-11-10,"KC",0
2020-11-10,"LAC",0
2020-11-10,"LAR",0
2020-11-10,"LV",0
2020-11-10,"MIA",0
2020-11-10,"MIN",0
2020-11-10,"NE",0
2020-11-10,"NO",0
2020-11-10,"NYG",0
2020-11-10,"NYJ",0
2020-11-10,"PHI",0
2020-11-10,"PIT",0
2020-11-10,"SEA",0
2020-11-10,"SF",0
2020-11-10,"TB",0
2020-11-10,"TEN",0
2020-11-10,"WAS",0
2020-11-11,"ARI",0
2020-11-11,"ATL",0
2020-11-11,"BAL",0
2020-11-11,"BUF",0
2020-11-11,"CAR",0
2020-11-11,"CHI",0
2020-11-11,"CIN",0
2020-11-11,"CLE",0
2020-11-11,"DAL",0
2020-11-11,"DEN",0
2020-11-11,"DET",0
2020-11-11,"GB",0
2020-11-11,"HOU",0
2020-11-11,"IND",0
2020-11-11,"JAX",0
2020-11-11,"KC",0
2020-11-11,"LAC",0
2020-11-11,"LAR",0
2020-11-11,"LV",0
2020-11-11,"MIA",0
2020-11-11,"MIN",0
2020-11-11,"NE",0
2020-11-11,"NO",0
2020-11-11,"NYG",0
2020-11-11,"NYJ",0
2020-11-11,"PHI",0
2020-11-11,"PIT",0
2020-11-11,"SEA",0
2020-11-11,"SF",0
2020-11-11,"TB",0
2020-11-11,"TEN",0
2020-11-11,"WAS",0
2020-11-12,"ARI",0
2020-11-12,"ATL",0
2020-11-12,"BAL",0
2020-11-12,"BUF",0
2020-11-12,"CAR",0
2020-11-12,"CHI",0
2020-11-12,"CIN",0
2020-11-12,"CLE",0
2020-11-12,"DAL",0
2020-11-12,"DEN",0
2020-11-12,"DET",0
2020-11-12,"GB",0
2020-11-12,"HOU",0
2020-11-12,"IND",0
2020-11-12,"JAX",0
2020-11-12,"KC",0
2020-11-12,"LAC",0
2020-11-12,"LAR",0
2020-11-12,"LV",0
2020-11-12,"MIA",0
2020-11-12,"MIN",0
2020-11-12,"NE",0
2020-11-12,"NO",0
2020-11-12,"NYG",0
2020-11-12,"NYJ",0
2020-11-12,"PHI",0
2020-11-12,"PIT",0
2020-11-12,"SEA",0
2020-11-12,"SF",0
2020-11-12,"TB",0
2020-11-12,"TEN",0
2020-11-12,"WAS",0
2020-11-13,"ARI",0
2020-11-13,"ATL",0
2020-11-13,"BAL",0
2020-11-13,"BUF",0
2020-11-13,"CAR",0
2020-11-13,"CHI",0
2020-11-13,"CIN",0
2020-11-13,"CLE",0
2020-11-13,"DAL",0
2020-11-13,"DEN",0
2020-11-13,"DET",0
2020-11-13,"GB",0
2020-11-13,"HOU",0
2020-11-13,"IND",0
2020-11-13,"JAX",0
2020-11-13,"KC",0
2020-11-13,"LAC",0
2020-11-13,"LAR",0
2020-11-13,"LV",0
2020-11-13,"MIA",0
2020-11-13,"MIN",0
2020-11-13,"NE",0
2020-11-13,"NO",0
2020-11-13,"NYG",0
2020-11-13,"NYJ",0
2020-11-13,"PHI",0
2020-11-13,"PIT",0
2020-11-13,"SEA",0
2020-11-13,"SF",0
2020-11-13,"TB",0
2020-11-13,"TEN",0
2020-11-13,"WAS",0
2020-11-14,"ARI",0
2020-11-14,"ATL",0
2020-11-14,"BAL",0
2020-11-14,"BUF",0
2020-11-14,"CAR",0
2020-11-14,"CHI",0
2020-11-14,"CIN",0
2020-11-14,"CLE",0
2020-11-14,"DAL",0
2020-11-14,"DEN",0
2020-11-14,"DET",0
2020-11-14,"GB",0
2020-11-14,"HOU",0
2020-11-14,"IND",0
2020-11-14,"JAX",0
2020-11-14,"KC",0
2020-11-14,"LAC",0
2020-11-14,"LAR",0
2020-11-14,"LV",0
2020-11-14,"MIA",0
2020-11-14,"MIN",0
2020-11-14,"NE",0
2020-11-14,"NO",0
2020-11-14,"NYG",0
2020-11-14,"NYJ",0
2020-11-14,"PHI",0
2020-11-14,"PIT",0
2020-11-14,"SEA",0
2020-11-14,"SF",0
2020-11-14,"TB",0
2020-11-14,"TEN",0
2020-11-14,"WAS",0
2020-11-15,"ARI",0
2020-11-15,"ATL",0
2020-11-15,"BAL",0
2020-11-15,"BUF",0
2020-11-15,"CAR",0
2020-11-15,"CHI",0
2020-11-15,"CIN",0
2020-11-15,"CLE",0
2020-11-15,"DAL",0
2020-11-15,"DEN",0
2020-11-15,"DET",0
2020-11-15,"GB",0
2020-11-15,"HOU",0
2020-11-15,"IND",0
2020-11-15,"JAX",0
2020-11-15,"KC",0
2020-11-15,"LAC",0
2020-11-15,"LAR",0
2020-11-15,"LV",0
2020-11-15,"MIA",0
2020-11-15,"MIN",0
2020-11-15,"NE",0
2020-11-15,"NO",0
2020-11-15,"NYG",0
2020-11-15,"NYJ",0
2020-11-15,"PHI",0
2020-11-15,"PIT",0
2020-11-15,"SEA",0
2020-11-15,"SF",0
2020-11-15,"TB",0
2020-11-15,"TEN",0
2020-11-15,"WAS",0
2020-11-16,"ARI",0
2020-11-16,"ATL",0
2020-11-16,"BAL",0
2020-11-16,"BUF",0
2020-11-16,"CAR",0
2020-11-16,"CHI",0
2020-11-16,"CIN",0
2020-11-16,"CLE",0
2020-11-16,"DAL",0
2020-11-16,"DEN",0
2020-11-16,"DET",0
2020-11-16,"GB",0
2020-11-16,"HOU",0
2020-11-16,"IND",0
2020-11-16,"JAX",0
2020-11-16,"KC",0
2020-11-16,"LAC",0
2020-11-16,"LAR",0
2020-11-16,"LV",0
2020-11-16,"MIA",0
2020-11-16,"MIN",0
2020-11-16,"NE",0
2020-11-16,"NO",0
2020-11-16,"NYG",0
2020-11-16,"NYJ",0
2020-11-16,"PHI",0
2020-11-16,"PIT",0
2020-11-16,"SEA",0
2020-11-16,"SF",0
2020-11-16,"TB",0
2020-11-16,"TEN",0
2020-11-16,"WAS",0
2020-11-17,"ARI",0
2020-11-17,"ATL",0
2020-11-17,"BAL",0
2020-11-17,"BUF",0
2020-11-17,"CAR",0
2020-11-17,"CHI",0
2020-11-17,"CIN",0
2020-11-17,"CLE",0
2020-11-17,"DAL",0
2020-11-17,"DEN",0
2020-11-17,"DET",0
2020-11-17,"GB",0
2020-11-17,"HOU",0
2020-11-17,"IND",0
2020-11-17,"JAX",0
2020-11-17,"KC",0
2020-11-17,"LAC",0
2020-11-17,"LAR",0
2020-11-17,"LV",0
2020-11-17,"MIA",0
2020-11-17,"MIN",0
2020-11-17,"NE",0
2020-11-17,"NO",0
2020-11-17,"NYG",0
2020-11-17,"NYJ",0
2020-11-17,"PHI",0
2020-11-17,"PIT",0
2020-11-17,"SEA",0
2020-11-17,"SF",0
2020-11-17,"TB",0
2020-11-17,"TEN",0
2020-11-17,"WAS",0
2020-11-18,"ARI",0
2020-11-18,"ATL",0
2020-11-18,"BAL",0
2020-11-18,"BUF",0
2020-11-18,"CAR",0
2020-11-18,"CHI",0
2020-11-18,"CIN",0
2020-11-18,"CLE",0
2020-11-18,"DAL",0
2020-11-18,"DEN",0
2020-11-18,"DET",0
2020-11-18,"GB",0
2020-11-18,"HOU",0
2020-11-18,"IND",0
2020-11-18,"JAX",0
2020-11-18,"KC",0
2020-11-18,"LAC",0
2020-11-18,"LAR",0
2020-11-18,"LV",0
2020-11-18,"MIA",0
2020-11-18,"MIN",0
2020-11-18,"NE",0
2020-11-18,"NO",0
2020-11-18,"NYG",0
2020-11-18,"NYJ",0
2020-11-18,"PHI",0
2020-11-18,"PIT",0
2020-11-18,"SEA",0
2020-11-18,"SF",0
2020-11-18,"TB",0
2020-11-18,"TEN",0
2020-11-18,"WAS",0
2020-11-19,"ARI",0
2020-11-19,"ATL",0
2020-11-19,"BAL",0
2020-11-19,"BUF",0
2020-11-19,"CAR",0
2020-11-19,"CHI",0
2020-11-19,"CIN",0
2020-11-19,"CLE",0
2020-11-19,"DAL",0
2020-11-19,"DEN",0
2020-11-19,"DET",0
2020-11-19,"GB",0
2020-11-19,"HOU",0
2020-11-19,"IND",0
2020-11-19,"JAX",0
2020-11-19,"KC",0
2020-11-19,"LAC",0
2020-11-19,"LAR",0
2020-11-19,"LV",0
2020-11-19,"MIA",0
2020-11-19,"MIN",0
2020-11-19,"NE",0
2020-11-19,"NO",0
2020-11-19,"NYG",0
2020-11-19,"NYJ",0
2020-11-19,"PHI",0
2020-11-19,"PIT",0
2020-11-19,"SEA",0
2020-11-19,"SF",0
2020-11-19,"TB",0
2020-11-19,"TEN",0
2020-11-19,"WAS",0
2020-11-20,"ARI",0
2020-11-20,"ATL",0
2020-11-20,"BAL",0
2020-11-20,"BUF",0
2020-11-20,"CAR",0
2020-11-20,"CHI",0
2020-11-20,"CIN",0
2020-11-20,"CLE",0
2020-11-20,"DAL",0
2020-11-20,"DEN",0
2020-11-20,"DET",0
2020-11-20,"GB",0
2020-11-20,"HOU",0
2020-11-20,"IND",0
2020-11-20,"JAX",0
2020-11-20,"KC",0
2020-11-20,"LAC",0
2020-11-20,"LAR",0
2020-11-20,"LV",0
2020-11-20,"MIA",0
2020-11-20,"MIN",0
2020-11-20,"NE",0
2020-11-20,"NO",0
2020-11-20,"NYG",0
2020-11-20,"NYJ",0
2020-11-20,"PHI",0
2020-11-20,"PIT",0
2020-11-20,"SEA",0
2020-11-20,"SF",0
2020-11-20,"TB",0
2020-11-20,"TEN",0
2020-11-20,"WAS",0
2020-11-21,"ARI",0
2020-11-21,"ATL",0
2020-11-21,"BAL",0
2020-11-21,"BUF",0
2020-11-21,"CAR",0
2020-11-21,"CHI",0
2020-11-21,"CIN",0
2020-11-21,"CLE",0
2020-11-21,"DAL",0
2020-11-21,"DEN",0
2020-11-21,"DET",0
2020-11-21,"GB",0
2020-11-21,"HOU",0
2020-11-21,"IND",0
2020-11-21,"JAX",0
2020-11-21,"KC",0
2020-11-21,"LAC",0
2020-11-21,"LAR",0
2020-11-21,"LV",0
2020-11-21,"MIA",0
2020-11-21,"MIN",0
2020-11-21,"NE",0
2020-11-21,"NO",0
2020-11-21,"NYG",0
2020-11-21,"NYJ",0
2020-11-21,"PHI",0
2020-11-21,"PIT",0
2020-11-21,"SEA",0
2020-11-21,"SF",0
2020-11-21,"TB",0
2020-11-21,"TEN",0
2020-11-21,"WAS",0
2020-11-22,"ARI",0
2020-11-22,"ATL",0
2020-11-22,"BAL",0
2020-11-22,"BUF",0
2020-11-22,"CAR",0
2020-11-22,"CHI",0
2020-11-22,"CIN",0
2020-11-22,"CLE",0
2020-11-22,"DAL",0
2020-11-22,"DEN",0
2020-11-22,"DET",0
2020-11-22,"GB",0
2020-11-22,"HOU",0
2020-11-22,"IND",0
2020-11-22,"JAX",0
2020-11-22,"KC",0
2020-11-22,"LAC",0
2020-11-22,"LAR",0
2020-11-22,"LV",0
2020-11-22,"MIA",0
2020-11-22,"MIN",0
2020-11-22,"NE",0
2020-11-22,"NO",0
2020-11-22,"NYG",0
2020-11-22,"NYJ",0
2020-11-22,"PHI",0
2020-11-22,"PIT",0
2020-11-22,"SEA",0
2020-11-22,"SF",0
2020-11-22,"TB",0
2020-11-22,"TEN",0
2020-11-22,"WAS",0
2020-11-23,"ARI",0
2020-11-23,"ATL",0
2020-11-23,"BAL",0
2020-11-23,"BUF",0
2020-11-23,"CAR",0
2020-11-23,"CHI",0
2020-11-23,"CIN",0
2020-11-23,"CLE",0
2020-11-23,"DAL",0
2020-11-23,"DEN",0
2020-11-23,"DET",0
2020-11-23,"GB",0
2020-11-23,"HOU",0
2020-11-23,"IND",0
2020-11-23,"JAX",0
2020-11-23,"KC",0
2020-11-23,"LAC",0
2020-11-23,"LAR",0
2020-11-23,"LV",0
2020-11-23,"MIA",0
2020-11-23,"MIN",0
2020-11-23,"NE",0
2020-11-23,"NO",0
2020-11-23,"NYG",0
2020-11-23,"NYJ",0
2020-11-23,"PHI",0
2020-11-23,"PIT",0
2020-11-23,"SEA",0
2020-11-23,"SF",0
2020-11-23,"TB",0
2020-11-23,"TEN",0
2020-11-23,"WAS",0
2020-11-24,"ARI",0
2020-11-24,"ATL",0
2020-11-24,"BAL",0
2020-11-24,"BUF",0
2020-11-24,"CAR",0
2020-11-24,"CHI",0
2020-11-24,"CIN",0
2020-11-24,"CLE",0
2020-11-24,"DAL",0
2020-11-24,"DEN",0
2020-11-24,"DET",0
2020-11-24,"GB",0
2020-11-24,"HOU",0
2020-11-24,"IND",0
2020-11-24,"JAX",0
2020-11-24,"KC",0
2020-11-24,"LAC",0
2020-11-24,"LAR",0
2020-11-24,"LV",0
2020-11-24,"MIA",0
2020-11-24,"MIN",0
2020-11-24,"NE",0
2020-11-24,"NO",0
2020-11-24,"NYG",0
2020-11-24,"NYJ",0
2020-11-24,"PHI",0
2020-11-24,"PIT",0
2020-11-24,"SEA",0
2020-11-24,"SF",0
2020-11-24,"TB",0
2020-11-24,"TEN",0
2020-11-24,"WAS",0
2020-11-25,"ARI",0
2020-11-25,"ATL",0
2020-11-25,"BAL",0
2020-11-25,"BUF",0
2020-11-25,"CAR",0
2020-11-25,"CHI",0
2020-11-25,"CIN",0
2020-11-25,"CLE",0
2020-11-25,"DAL",0
2020-11-25,"DEN",0
2020-11-25,"DET",0
2020-11-25,"GB",0
2020-11-25,"HOU",0
2020-11-25,"IND",0
2020-11-25,"JAX",0
2020-11-25,"KC",0
2020-11-25,"LAC",0
2020-11-25,"LAR",0
2020-11-25,"LV",0
2020-11-25,"MIA",0
2020-11-25,"MIN",0
2020-11-25,"NE",0
2020-11-25,"NO",0
2020-11-25,"NYG",0
2020-11-25,"NYJ",0
2020-11-25,"PHI",0
2020-11-25,"PIT",0
2020-11-25,"SEA",0
2020-11-25,"SF",0
2020-11-25,"TB",0
2020-11-25,"TEN",0
2020-11-25,"WAS",0
2020-11-26,"ARI",0
2020-11-26,"ATL",0
2020-11-26,"BAL",0
2020-11-26,"BUF",0
2020-11-26,"CAR",0
2020-11-26,"CHI",0
2020-11-26,"CIN",0
2020-11-26,"CLE",0
2020-11-26,"DAL",0
2020-11-26,"DEN",0
2020-11-26,"DET",0
2020-11-26,"GB",0
2020-11-26,"HOU",0
2020-11-26,"IND",0
2020-11-26,"JAX",0
2020-11-26,"KC",0
2020-11-26,"LAC",0
2020-11-26,"LAR",0
2020-11-26,"LV",0
2020-11-26,"MIA",0
2020-11-26,"MIN",0
2020-11-26,"NE",0
2020-11-26,"NO",0
2020-11-26,"NYG",0
2020-11-26,"NYJ",0
2020-11-26,"PHI",0
2020-11-26,"PIT",0
2020-11-26,"SEA",0
2020-11-26,"SF",0
2020-11-26,"TB",0
2020-11-26,"TEN",0
2020-11-26,"WAS",0
2020-11-27,"ARI",0
2020-11-27,"ATL",0
2020-11-27,"BAL",0
2020-11-27,"BUF",0
2020-11-27,"CAR",0
2020-11-27,"CHI",0
2020-11-27,"CIN",0
2020-11-27,"CLE",0
2020-11-27,"DAL",0
2020-11-27,"DEN",0
2020-11-27,"DET",0
2020-11-27,"GB",0
2020-11-27,"HOU",0
2020-11-27,"IND",0
2020-11-27,"JAX",0
2020-11-27,"KC",0
2020-11-27,"LAC",0
2020-11-27,"LAR",0
2020-11-27,"LV",0
2020-11-27,"MIA",0
2020-11-27,"MIN",0
2020-11-27,"NE",0
2020-11-27,"NO",0
2020-11-27,"NYG",0
2020-11-27,"NYJ",0
2020-11-27,"PHI",0
2020-11-27,"PIT",0
2020-11-27,"SEA",0
2020-11-27,"SF",0
2020-11-27,"TB",0
2020-11-27,"TEN",0
2020-11-27,"WAS",0
2020-11-28,"ARI",0
2020-11-28,"ATL",0
2020-11-28,"BAL",0
2020-11-28,"BUF",0
2020-11-28,"CAR",0
2020-11-28,"CHI",0
2020-11-28,"CIN",0
2020-11-28,"CLE",0
2020-11-28,"DAL",0
2020-11-28,"DEN",0
2020-11-28,"DET",0
2020-11-28,"GB",0
2020-11-28,"HOU",0
2020-11-28,"IND",0
2020-11-28,"JAX",0
2020-11-28,"KC",0
2020-11-28,"LAC",0
2020-11-28,"LAR",0
2020-11-28,"LV",0
2020-11-28,"MIA",0
2020-11-28,"MIN",0
2020-11-28,"NE",0
2020-11-28,"NO",0
2020-11-28,"NYG",0
2020-11-28,"NYJ",0
2020-11-28,"PHI",0
2020-11-28,"PIT",0
2020-11-28,"SEA",0
2020-11-28,"SF",0
2020-11-28,"TB",0
2020-11-28,"TEN",0
2020-11-28,"WAS",0
2020-11-29,"ARI",0
2020-11-29,"ATL",0
2020-11-29,"BAL",0
2020-11-29,"BUF",0
2020-11-29,"CAR",0
2020-11-29,"CHI",0
2020-11-29,"CIN",0
2020-11-29,"CLE",0
2020-11-29,"DAL",0
2020-11-29,"DEN",0
2020-11-29,"DET",0
2020-11-29,"GB",0
2020-11-29,"HOU",0
2020-11-29,"IND",0
2020-11-29,"JAX",0
2020-11-29,"KC",0
2020-11-29,"LAC",0
2020-11-29,"LAR",0
2020-11-29,"LV",0
2020-11-29,"MIA",0
2020-11-29,"MIN",0
2020-11-29,"NE",0
2020-11-29,"NO",0
2020-11-29,"NYG",0
2020-11-29,"NYJ",0
2020-11-29,"PHI",0
2020-11-29,"PIT",0
2020-11-29,"SEA",0
2020-11-29,"SF",0
2020-11-29,"TB",0
2020-11-29,"TEN",0
2020-11-29,"WAS",0
2020-11-30,"ARI",0
2020-11-30,"ATL",0
2020-11-30,"BAL",0
2020-11-30,"BUF",0
2020-11-30,"CAR",0
2020-11-30,"CHI",0
2020-11-30,"CIN",0
2020-11-30,"CLE",0
2020-11-30,"DAL",0
2020-11-30,"DEN",0
2020-11-30,"DET",0
2020-11-30,"GB",0
2020-11-30,"HOU",0
2020-11-30,"IND",0
2020-11-30,"JAX",0
2020-11-30,"KC",0
2020-11-30,"LAC",0
2020-11-30,"LAR",0
2020-11-30,"LV",0
2020-11-30,"MIA",0
2020-11-30,"MIN",0
2020-11-30,"NE",0
2020-11-30,"NO",0
2020-11-30,"NYG",0
2020-11-30,"NYJ",0
2020-11-30,"PHI",0
2020-11-30,"PIT",0
2020-11-30,"SEA",0
2020-11-30,"SF",0
2020-11-30,"TB",0
2020-11-30,"TEN",0
2020-11-30,"WAS",0
2020-12-01,"ARI",0
2020-12-01,"ATL",0
2020-12-01,"BAL",0
2020-12-01,"BUF",0
2020-12-01,"CAR",0
2020-12-01,"CHI",0
2020-12-01,"CIN",0
2020-12-01,"CLE",0
2020-12-01,"DAL",0
2020-12-01,"DEN",0
2020-12-01,"DET",0
2020-12-01,"GB",0
2020-12-01,"HOU",0
2020-12-01,"IND",0
2020-12-01,"JAX",0
2020-12-01,"KC",0
2020-12-01,"LAC",0
2020-12-01,"LAR",0
2020-12-01,"LV",0
2020-12-01,"MIA",0
2020-12-01,"MIN",0
2020-12-01,"NE",0
2020-12-01,"NO",0
2020-12-01,"NYG",0
2020-12-01,"NYJ",0
2020-12-01,"PHI",0
2020-12-01,"PIT",0
2020-12-01,"SEA",0
2020-12-01,"SF",0
2020-12-01,"TB",0
2020-12-01,"TEN",0
2020-12-01,"WAS",0
2020-12-02,"ARI",0
2020-12-02,"ATL",0
2020-12-02,"BAL",0
2020-12-02,"BUF",0
2020-12-02,"CAR",0
2020-12-02,"CHI",0
2020-12-02,"CIN",0
2020-12-02,"CLE",0
2020-12-02,"DAL",0
2020-12-02,"DEN",0
2020-12-02,"DET",0
2020-12-02,"GB",0
2020-12-02,"HOU",0
2020-12-02,"IND",0
2020-12-02,"JAX",0
2020-12-02,"KC",0
2020-12-02,"LAC",0
2020-12-02,"LAR",0
2020-12-02,"LV",0
2020-12-02,"MIA",0
2020-12-02,"MIN",0
2020-12-02,"NE",0
2020-12-02,"NO",0
2020-12-02,"NYG",0
2020-12-02,"NYJ",0
2020-12-02,"PHI",0
2020-12-02,"PIT",0
2020-12-02,"SEA",0
2020-12-02,"SF",0
2020-12-02,"TB",0
2020-12-02,"TEN",0
2020-12-02,"WAS",0
2020-12-03,"ARI",0
2020-12-03,"ATL",0
2020-12-03,"BAL",0
2020-12-03,"BUF",0
2020-12-03,"CAR",0
2020-12-03,"CHI",0
2020-12-03,"CIN",0
2020-12-03,"CLE",0
2020-12-03,"DAL",0
2020-12-03,"DEN",0
2020-12-03,"DET",0
2020-12-03,"GB",0
2020-12-03,"HOU",0
2020-12-03,"IND",0
2020-12-03,"JAX",0
2020-12-03,"KC",0
2020-12-03,"LAC",0
2020-12-03,"LAR",0
2020-12-03,"LV",0
2020-12-03,"MIA",0
2020-12-03,"MIN",0
2020-12-03,"NE",0
2020-12-03,"NO",0
2020-12-03,"NYG",0
2020-12-03,"NYJ",0
2020-12-03,"PHI",0
2020-12-03,"PIT",0
2020-12-03,"SEA",0
2020-12-03,"SF",0
2020-12-03,"TB",0
2020-12-03,"TEN",0
2020-12-03,"WAS",0
2020-12-04,"ARI",0
2020-12-04,"ATL",0
2020-12-04,"BAL",0
2020-12-04,"BUF",0
2020-12-04,"CAR",0
2020-12-04,"CHI",0
2020-12-04,"CIN",0
2020-12-04,"CLE",0
2020-12-04,"DAL",0
2020-12-04,"DEN",0
2020-12-04,"DET",0
2020-12-04,"GB",0
2020-12-04,"HOU",0
2020-12-04,"IND",0
2020-12-04,"JAX",0
2020-12-04,"KC",0
2020-12-04,"LAC",0
2020-12-04,"LAR",0
2020-12-04,"LV",0
2020-12-04,"MIA",0
2020-12-04,"MIN",0
2020-12-04,"NE",0
2020-12-04,"NO",0
2020-12-04,"NYG",0
2020-12-04,"NYJ",0
2020-12-04,"PHI",0
2020-12-04,"PIT",0
2020-12-04,"SEA",0
2020-12-04,"SF",0
2020-12-04,"TB",0
2020-12-04,"TEN",0
2020-12-04,"WAS",0
2020-12-05,"ARI",0
2020-12-05,"ATL",0
2020-12-05,"BAL",0
2020-12-05,"BUF",0
2020-12-05,"CAR",0
2020-12-05,"CHI",0
2020-12-05,"CIN",0
2020-12-05,"CLE",0
2020-12-05,"DAL",0
2020-12-05,"DEN",0
2020-12-05,"DET",0
2020-12-05,"GB",0
2020-12-05,"HOU",0
2020-12-05,"IND",0
2020-12-05,"JAX",0
2020-12-05,"KC",0
2020-12-05,"LAC",0
2020-12-05,"LAR",0
2020-12-05,"LV",0
2020-12-05,"MIA",0
2020-12-05,"MIN",0
2020-12-05,"NE",0
2020-12-05,"NO",0
2020-12-05,"NYG",0
2020-12-05,"NYJ",0
2020-12-05,"PHI",0
2020-12-05,"PIT",0
2020-12-05,"SEA",0
2020-12-05,"SF",0
2020-12-05,"TB",0
2020-12-05,"TEN",0
2020-12-05,"WAS",0
2020-12-06,"ARI",0
2020-12-06,"ATL",0
2020-12-06,"BAL",0
2020-12-06,"BUF",0
2020-12-06,"CAR",0
2020-12-06,"CHI",0
2020-12-06,"CIN",0
2020-12-06,"CLE",0
2020-12-06,"DAL",0
2020-12-06,"DEN",0
2020-12-06,"DET",0
2020-12-06,"GB",0
2020-12-06,"HOU",0
2020-12-06,"IND",0
2020-12-06,"JAX",0
2020-12-06,"KC",0
2020-12-06,"LAC",0
2020-12-06,"LAR",0
2020-12-06,"LV",0
2020-12-06,"MIA",0
2020-12-06,"MIN",0
2020-12-06,"NE",0
2020-12-06,"NO",0
2020-12-06,"NYG",0
2020-12-06,"NYJ",0
2020-12-06,"PHI",0
2020-12-06,"PIT",0
2020-12-06,"SEA",0
2020-12-06,"SF",0
2020-12-06,"TB",0
2020-12-06,"TEN",0
2020-12-06,"WAS",0
2020-12-07,"ARI",0
2020-12-07,"ATL",0
2020-12-07,"BAL",0
2020-12-07,"BUF",0
2020-12-07,"CAR",0
2020-12-07,"CHI",0
2020-12-07,"CIN",0
2020-12-07,"CLE",0
2020-12-07,"DAL",0
2020-12-07,"DEN",0
2020-12-07,"DET",0
2020-12-07,"GB",0
2020-12-07,"HOU",0
2020-12-07,"IND",0
2020-12-07,"JAX",0
2020-12-07,"KC",0
2020-12-07,"LAC",0
2020-12-07,"LAR",0
2020-12-07,"LV",0
2020-12-07,"MIA",0
2020-12-07,"MIN",0
2020-12-07,"NE",0
2020-12-07,"NO",0
2020-12-07,"NYG",0
2020-12-07,"NYJ",0
2020-12-07,"PHI",0
2020-12-07,"PIT",0
2020-12-07,"SEA",0
2020-12-07,"SF",0
2020-12-07,"TB",0
2020-12-07,"TEN",0
2020-12-07,"WAS",0
2020-12-08,"ARI",0
2020-12-08,"ATL",0
2020-12-08,"BAL",0
2020-12-08,"BUF",0
2020-12-08,"CAR",0
2020-12-08,"CHI",0
2020-12-08,"CIN",0
2020-12-08,"CLE",0
2020-12-08,"DAL",0
2020-12-08,"DEN",0
2020-12-08,"DET",0
2020-12-08,"GB",0
2020-12-08,"HOU",0
2020-12-08,"IND",0
2020-12-08,"JAX",0
2020-12-08,"KC",0
2020-12-08,"LAC",0
2020-12-08,"LAR",0
2020-12-08,"LV",0
2020-12-08,"MIA",0
2020-12-08,"MIN",0
2020-12-08,"NE",0
2020-12-08,"NO",0
2020-12-08,"NYG",0
2020-12-08,"NYJ",0
2020-12-08,"PHI",0
2020-12-08,"PIT",0
2020-12-08,"SEA",0
2020-12-08,"SF",0
2020-12-08,"TB",0
2020-12-08,"TEN",0
2020-12-08,"WAS",0
2020-12-09,"ARI",0
2020-12-09,"ATL",0
2020-12-09,"BAL",0
2020-12-09,"BUF",0
2020-12-09,"CAR",0
2020-12-09,"CHI",0
2020-12-09,"CIN",0
2020-12-09,"CLE",0
2020-12-09,"DAL",0
2020-12-09,"DEN",0
2020-12-09,"DET",0
2020-12-09,"GB",0
2020-12-09,"HOU",0
2020-12-09,"IND",0
2020-12-09,"JAX",0
2020-12-09,"KC",0
2020-12-09,"LAC",0
2020-12-09,"LAR",0
2020-12-09,"LV",0
2020-12-09,"MIA",0
2020-12-09,"MIN",0
2020-12-09,"NE",0
2020-12-09,"NO",0
2020-12-09,"NYG",0
2020-12-09,"NYJ",0
2020-12-09,"PHI",0
2020-12-09,"PIT",0
2020-12-09,"SEA",0
2020-12-09,"SF",0
2020-12-09,"TB",0
2020-12-09,"TEN",0
2020-12-09,"WAS",0
2020-12-10,"ARI",0
2020-12-10,"ATL",0
2020-12-10,"BAL",0
2020-12-10,"BUF",0
2020-12-10,"CAR",0
2020-12-10,"CHI",0
2020-12-10,"CIN",0
2020-12-10,"CLE",0
2020-12-10,"DAL",0
2020-12-10,"DEN",0
2020-12-10,"DET",0
2020-12-10,"GB",0
2020-12-10,"HOU",0
2020-12-10,"IND",0
2020-12-10,"JAX",0
2020-12-10,"KC",0
2020-12-10,"LAC",0
2020-12-10,"LAR",0
2020-12-10,"LV",0
2020-12-10,"MIA",0
2020-12-10,"MIN",0
2020-12-10,"NE",0
2020-12-10,"NO",0
2020-12-10,"NYG",0
2020-12-10,"NYJ",0
2020-12-10,"PHI",0
2020-12-10,"PIT",0
2020-12-10,"SEA",0
2020-12-10,"SF",0
2020-12-10,"TB",0
2020-12-10,"TEN",0
2020-12-10,"WAS",0
2020-12-11,"ARI",0
2020-12-11,"ATL",0
2020-12-11,"BAL",0
2020-12-11,"BUF",0
2020-12-11,"CAR",0
2020-12-11,"CHI",0
2020-12-11,"CIN",0
2020-12-11,"CLE",0
2020-12-11,"DAL",0
2020-12-11,"DEN",0
2020-12-11,"DET",0
2020-12-11,"GB",0
2020-12-11,"HOU",0
2020-12-11,"IND",0
2020-12-11,"JAX",0
2020-12-11,"KC",0
2020-12-11,"LAC",0
2020-12-11,"LAR",0
2020-12-11,"LV",0
2020-12-11,"MIA",0
2020-12-11,"MIN",0
2020-12-11,"NE",0
2020-12-11,"NO",0
2020-12-11,"NYG",0
2020-12-11,"NYJ",0
2020-12-11,"PHI",0
2020-12-11,"PIT",0
2020-12-11,"SEA",0
2020-12-11,"SF",0
2020-12-11,"TB",0
2020-12-11,"TEN",0
2020-12-11,"WAS",0
2020-12-12,"ARI",0
2020-12-12,"ATL",0
2020-12-12,"BAL",0
2020-12-12,"BUF",0
2020-12-12,"CAR",0
2020-12-12,"CHI",0
2020-12-12,"CIN",0
2020-12-12,"CLE",0
2020-12-12,"DAL",0
2020-12-12,"DEN",0
2020-12-12,"DET",0
2020-12-12,"GB",0
2020-12-12,"HOU",0
2020-12-12,"IND",0
2020-12-12,"JAX",0
2020-12-12,"KC",0
2020-12-12,"LAC",0
2020-12-12,"LAR",0
2020-12-12,"LV",0
2020-12-12,"MIA",0
2020-12-12,"MIN",0
2020-12-12,"NE",0
2020-12-12,"NO",0
2020-12-12,"NYG",0
2020-12-12,"NYJ",0
2020-12-12,"PHI",0
2020-12-12,"PIT",0
2020-12-12,"SEA",0
2020-12-12,"SF",0
2020-12-12,"TB",0
2020-12-12,"TEN",0
2020-12-12,"WAS",0
2020-12-13,"ARI",0
2020-12-13,"ATL",0
2020-12-13,"BAL",0
2020-12-13,"BUF",0
2020-12-13,"CAR",0
2020-12-13,"CHI",0
2020-12-13,"CIN",0
2020-12-13,"CLE",0
2020-12-13,"DAL",0
2020-12-13,"DEN",0
2020-12-13,"DET",0
2020-12-13,"GB",0
2020-12-13,"HOU",0
2020-12-13,"IND",0
2020-12-13,"JAX",0
2020-12-13,"KC",0
2020-12-13,"LAC",0
2020-12-13,"LAR",0
2020-12-13,"LV",0
2020-12-13,"MIA",0
2020-12-13,"MIN",0
2020-12-13,"NE",0
2020-12-13,"NO",0
2020-12-13,"NYG",0
2020-12-13,"NYJ",0
2020-12-13,"PHI",0
2020-12-13,"PIT",0
2020-12-13,"SEA",0
2020-12-13,"SF",0
2020-12-13,"TB",0
2020-12-13,"TEN",0
2020-12-13,"WAS",0
2020-12-14,"ARI",0
2020-12-14,"ATL",0
2020-12-14,"BAL",0
2020-12-14,"BUF",0
2020-12-14,"CAR",0
2020-12-14,"CHI",0
2020-12-14,"CIN",0
2020-12-14,"CLE",0
2020-12-14,"DAL",0
2020-12-14,"DEN",0
2020-12-14,"DET",0
2020-12-14,"GB",0
2020-12-14,"HOU",0
2020-12-14,"IND",0
2020-12-14,"JAX",0
2020-12-14,"KC",0
2020-12-14,"LAC",0
2020-12-14,"LAR",0
2020-12-14,"LV",0
2020-12-14,"MIA",0
2020-12-14,"MIN",0
2020-12-14,"NE",0
2020-12-14,"NO",0
2020-12-14,"NYG",0
2020-12-14,"NYJ",0
2020-12-14,"PHI",0
2020-12-14,"PIT",0
2020-12-14,"SEA",0
2020-12-14,"SF",0
2020-12-14,"TB",0
2020-12-14,"TEN",0
2020-12-14,"WAS",0
2020-12-15,"ARI",0
2020-12-15,"ATL",0
2020-12-15,"BAL",0
2020-12-15,"BUF",0
2020-12-15,"CAR",0
2020-12-15,"CHI",0
2020-12-15,"CIN",0
2020-12-15,"CLE",0
2020-12-15,"DAL",0
2020-12-15,"DEN",0
2020-12-15,"DET",0
2020-12-15,"GB",0
2020-12-15,"HOU",0
2020-12-15,"IND",0
2020-12-15,"JAX",0
2020-12-15,"KC",0
2020-12-15,"LAC",0
2020-12-15,"LAR",0
2020-12-15,"LV",0
2020-12-15,"MIA",0
2020-12-15,"MIN",0
2020-12-15,"NE",0
2020-12-15,"NO",0
2020-12-15,"NYG",0
2020-12-15,"NYJ",0
2020-12-15,"PHI",0
2020-12-15,"PIT",0
2020-12-15,"SEA",0
2020-12-15,"SF",0
2020-12-15,"TB",0
2020-12-15,"TEN",0
2020-12-15,"WAS",0
2020-12-16,"ARI",0
2020-12-16,"ATL",0
2020-12-16,"BAL",0
2020-12-16,"BUF",0
2020-12-16,"CAR",0
2020-12-16,"CHI",0
2020-12-16,"CIN",0
2020-12-16,"CLE",0
2020-12-16,"DAL",0
2020-12-16,"DEN",0
2020-12-16,"DET",0
2020-12-16,"GB",0
2020-12-16,"HOU",0
2020-12-16,"IND",0
2020-12-16,"JAX",0
2020-12-16,"KC",0
2020-12-16,"LAC",0
2020-12-16,"LAR",0
2020-12-16,"LV",0
2020-12-16,"MIA",0
2020-12-16,"MIN",0
2020-12-16,"NE",0
2020-12-16,"NO",0
2020-12-16,"NYG",0
2020-12-16,"NYJ",0
2020-12-16,"PHI",0
2020-12-16,"PIT",0
2020-12-16,"SEA",0
2020-12-16,"SF",0
2020-12-16,"TB",0
2020-12-16,"TEN",0
2020-12-16,"WAS",0
2020-12-17,"ARI",0
2020-12-17,"ATL",0
2020-12-17,"BAL",0
2020-12-17,"BUF",0
2020-12-17,"CAR",0
2020-12-17,"CHI",0
2020-12-17,"CIN",0
2020-12-17,"CLE",0
2020-12-17,"DAL",0
2020-12-17,"DEN",0
2020-12-17,"DET",0
2020-12-17,"GB",0
2020-12-17,"HOU",0
2020-12-17,"IND",0
2020-12-17,"JAX",0
2020-12-17,"KC",0
2020-12-17,"LAC",0
2020-12-17,"LAR",0
2020-12-17,"LV",0
2020-12-17,"MIA",0
2020-12-17,"MIN",0
2020-12-17,"NE",0
2020-12-17,"NO",0
2020-12-17,"NYG",0
2020-12-17,"NYJ",0
2020-12-17,"PHI",0
2020-12-17,"PIT",0
2020-12-17,"SEA",0
2020-12-17,"SF",0
2020-12-17,"TB",0
2020-12-17,"TEN",0
2020-12-17,"WAS",0
2020-12-18,"ARI",0
2020-12-18,"ATL",0
2020-12-18,"BAL",0
2020-12-18,"BUF",0
2020-12-18,"CAR",0
2020-12-18,"CHI",0
2020-12-18,"CIN",0
2020-12-18,"CLE",0
2020-12-18,"DAL",0
2020-12-18,"DEN",0
2020-12-18,"DET",0
2020-12-18,"GB",0
2020-12-18,"HOU",0
2020-12-18,"IND",0
2020-12-18,"JAX",0
2020-12-18,"KC",0
2020-12-18,"LAC",0
2020-12-18,"LAR",0
2020-12-18,"LV",0
2020-12-18,"MIA",0
2020-12-18,"MIN",0
2020-12-18,"NE",0
2020-12-18,"NO",0
2020-12-18,"NYG",0
2020-12-18,"NYJ",0
2020-12-18,"PHI",0
2020-12-18,"PIT",0
2020-12-18,"SEA",0
2020-12-18,"SF",0
2020-12-18,"TB",0
2020-12-18,"TEN",0
2020-12-18,"WAS",0
2020-12-19,"ARI",0
2020-12-19,"ATL",0
2020-12-19,"BAL",0
2020-12-19,"BUF",0
2020-12-19,"CAR",0
2020-12-19,"CHI",0
2020-12-19,"CIN",0
2020-12-19,"CLE",0
2020-12-19,"DAL",0
2020-12-19,"DEN",0
2020-12-19,"DET",0
2020-12-19,"GB",0
2020-12-19,"HOU",0
2020-12-19,"IND",0
2020-12-19,"JAX",0
2020-12-19,"KC",0
2020-12-19,"LAC",0
2020-12-19,"LAR",0
2020-12-19,"LV",0
2020-12-19,"MIA",0
2020-12-19,"MIN",0
2020-12-19,"NE",0
2020-12-19,"NO",0
2020-12-19,"NYG",0
2020-12-19,"NYJ",0
2020-12-19,"PHI",0
2020-12-19,"PIT",0
2020-12-19,"SEA",0
2020-12-19,"SF",0
2020-12-19,"TB",0
2020-12-19,"TEN",0
2020-12-19,"WAS",0
2020-12-20,"ARI",0
2020-12-20,"ATL",0
2020-12-20,"BAL",0
2020-12-20,"BUF",0
2020-12-20,"CAR",0
2020-12-20,"CHI",0
2020-12-20,"CIN",0
2020-12-20,"CLE",0
2020-12-20,"DAL",0
2020-12-20,"DEN",0
2020-12-20,"DET",0
2020-12-20,"GB",0
2020-12-20,"HOU",0
2020-12-20,"IND",0
2020-12-20,"JAX",0
2020-12-20,"KC",0
2020-12-20,"LAC",0
2020-12-20,"LAR",0
2020-12-20,"LV",0
2020-12-20,"MIA",0
2020-12-20,"MIN",0
2020-12-20,"NE",0
2020-12-20,"NO",0
2020-12-20,"NYG",0
2020-12-20,"NYJ",0
2020-12-20,"PHI",0
2020-12-20,"PIT",0
2020-12-20,"SEA",0
2020-12-20,"SF",0
2020-12-20,"TB",0
2020-12-20,"TEN",0
2020-12-20,"WAS",0
2020-12-21,"ARI",0
2020-12-21,"ATL",0
2020-12-21,"BAL",0
2020-12-21,"BUF",0
2020-12-21,"CAR",0
2020-12-21,"CHI",0
2020-12-21,"CIN",0
2020-12-21,"CLE",0
2020-12-21,"DAL",0
2020-12-21,"DEN",0
2020-12-21,"DET",0
2020-12-21,"GB",0
2020-12-21,"HOU",0
2020-12-21,"IND",0
2020-12-21,"JAX",0
2020-12-21,"KC",0
2020-12-21,"LAC",0
2020-12-21,"LAR",0
2020-12-21,"LV",0
2020-12-21,"MIA",0
2020-12-21,"MIN",0
2020-12-21,"NE",0
2020-12-21,"NO",0
2020-12-21,"NYG",0
2020-12-21,"NYJ",0
2020-12-21,"PHI",0
2020-12-21,"PIT",0
2020-12-21,"SEA",0
2020-12-21,"SF",0
2020-12-21,"TB",0
2020-12-21,"TEN",0
2020-12-21,"WAS",0
2020-12-22,"ARI",0
2020-12-22,"ATL",0
2020-12-22,"BAL",0
2020-12-22,"BUF",0
2020-12-22,"CAR",0
2020-12-22,"CHI",0
2020-12-22,"CIN",0
2020-12-22,"CLE",0
2020-12-22,"DAL",0
2020-12-22,"DEN",0
2020-12-22,"DET",0
2020-12-22,"GB",0
2020-12-22,"HOU",0
2020-12-22,"IND",0
2020-12-22,"JAX",0
2020-12-22,"KC",0
2020-12-22,"LAC",0
2020-12-22,"LAR",0
2020-12-22,"LV",0
2020-12-22,"MIA",0
2020-12-22,"MIN",0
2020-12-22,"NE",0
2020-12-22,"NO",0
2020-12-22,"NYG",0
2020-12-22,"NYJ",0
2020-12-22,"PHI",0
2020-12-22,"PIT",0
2020-12-22,"SEA",0
2020-12-22,"SF",0
2020-12-22,"TB",0
2020-12-22,"TEN",0
2020-12-22,"WAS",0
2020-12-23,"ARI",0
2020-12-23,"ATL",0
2020-12-23,"BAL",0
2020-12-23,"BUF",0
2020-12-23,"CAR",0
2020-12-23,"CHI",0
2020-12-23,"CIN",0
2020-12-23,"CLE",0
2020-12-23,"DAL",0
2020-12-23,"DEN",0
2020-12-23,"DET",0
2020-12-23,"GB",0
2020-12-23,"HOU",0
2020-12-23,"IND",0
2020-12-23,"JAX",0
2020-12-23,"KC",0
2020-12-23,"LAC",0
2020-12-23,"LAR",0
2020-12-23,"LV",0
2020-12-23,"MIA",0
2020-12-23,"MIN",0
2020-12-23,"NE",0
2020-12-23,"NO",0
2020-12-23,"NYG",0
2020-12-23,"NYJ",0
2020-12-23,"PHI",0
2020-12-23,"PIT",0
2020-12-23,"SEA",0
2020-12-23,"SF",0
2020-12-23,"TB",0
2020-12-23,"TEN",0
2020-12-23,"WAS",0
2020-12-24,"ARI",0
2020-12-24,"ATL",0
2020-12-24,"BAL",0
2020-12-24,"BUF",0
2020-12-24,"CAR",0
2020-12-24,"CHI",0
2020-12-24,"CIN",0
2020-12-24,"CLE",0
2020-12-24,"DAL",0
2020-12-24,"DEN",0
2020-12-24,"DET",0
2020-12-24,"GB",0
2020-12-24,"HOU",0
2020-12-24,"IND",0
2020-12-24,"JAX",0
2020-12-24,"KC",0
2020-12-24,"LAC",0
2020-12-24,"LAR",0
2020-12-24,"LV",0
2020-12-24,"MIA",0
2020-12-24,"MIN",0
2020-12-24,"NE",0
2020-12-24,"NO",0
2020-12-24,"NYG",0
2020-12-24,"NYJ",0
2020-12-24,"PHI",0
2020-12-24,"PIT",0
2020-12-24,"SEA",0
2020-12-24,"SF",0
2020-12-24,"TB",0
2020-12-24,"TEN",0
2020-12-24,"WAS",0
2020-12-25,"ARI",0
2020-12-25,"ATL",0
2020-12-25,"BAL",0
2020-12-25,"BUF",0
2020-12-25,"CAR",0
2020-12-25,"CHI",0
2020-12-25,"CIN",0
2020-12-25,"CLE",0
2020-12-25,"DAL",0
2020-12-25,"DEN",0
2020-12-25,"DET",0
2020-12-25,"GB",0
2020-12-25,"HOU",0
2020-12-25,"IND",0
2020-12-25,"JAX",0
2020-12-25,"KC",0
2020-12-25,"LAC",0
2020-12-25,"LAR",0
2020-12-25,"LV",0
2020-12-25,"MIA",0
2020-12-25,"MIN",0
2020-12-25,"NE",0
2020-12-25,"NO",0
2020-12-25,"NYG",0
2020-12-25,"NYJ",0
2020-12-25,"PHI",0
2020-12-25,"PIT",0
2020-12-25,"SEA",0
2020-12-25,"SF",0
2020-12-25,"TB",0
2020-12-25,"TEN",0
2020-12-25,"WAS",0
2020-12-26,"ARI",0
2020-12-26,"ATL",0
2020-12-26,"BAL",0
2020-12-26,"BUF",0
2020-12-26,"CAR",0
2020-12-26,"CHI",0
2020-12-26,"CIN",0
2020-12-26,"CLE",0
2020-12-26,"DAL",0
2020-12-26,"DEN",0
2020-12-26,"DET",0
2020-12-26,"GB",0
2020-12-26,"HOU",0
2020-12-26,"IND",0
2020-12-26,"JAX",0
2020-12-26,"KC",0
2020-12-26,"LAC",0
2020-12-26,"LAR",0
2020-12-26,"LV",0
2020-12-26,"MIA",0
2020-12-26,"MIN",0
2020-12-26,"NE",0
2020-12-26,"NO",0
2020-12-26,"NYG",0
2020-12-26,"NYJ",0
2020-12-26,"PHI",0
2020-12-26,"PIT",0
2020-12-26,"SEA",0
2020-12-26,"SF",0
2020-12-26,"TB",0
2020-12-26,"TEN",0
2020-12-26,"WAS",0
2020-12-27,"ARI",0
2020-12-27,"ATL",0
2020-12-27,"BAL",0
2020-12-27,"BUF",0
2020-12-27,"CAR",0
2020-12-27,"CHI",0
2020-12-27,"CIN",0
2020-12-27,"CLE",0
2020-12-27,"DAL",0
2020-12-27,"DEN",0
2020-12-27,"DET",0
2020-12-27,"GB",0
2020-12-27,"HOU",0
2020-12-27,"IND",0
2020-12-27,"JAX",0
2020-12-27,"KC",0
2020-12-27,"LAC",0
2020-12-27,"LAR",0
2020-12-27,"LV",0
2020-12-27,"MIA",0
2020-12-27,"MIN",0
2020-12-27,"NE",0
2020-12-27,"NO",0
2020-12-27,"NYG",0
2020-12-27,"NYJ",0
2020-12-27,"PHI",0
2020-12-27,"PIT",0
2020-12-27,"SEA",0
2020-12-27,"SF",0
2020-12-27,"TB",0
2020-12-27,"TEN",0
2020-12-27,"WAS",0
2020-12-28,"ARI",0
2020-12-28,"ATL",0
2020-12-28,"BAL",0
2020-12-28,"BUF",0
2020-12-28,"CAR",0
2020-12-28,"CHI",0
2020-12-28,"CIN",0
2020-12-28,"CLE",0
2020-12-28,"DAL",0
2020-12-28,"DEN",0
2020-12-28,"DET",0
2020-12-28,"GB",0
2020-12-28,"HOU",0
2020-12-28,"IND",0
2020-12-28,"JAX",0
2020-12-28,"KC",0
2020-12-28,"LAC",0
2020-12-28,"LAR",0
2020-12-28,"LV",0
2020-12-28,"MIA",0
2020-12-28,"MIN",0
2020-12-28,"NE",0
2020-12-28,"NO",0
2020-12-28,"NYG",0
2020-12-28,"NYJ",0
2020-12-28,"PHI",0
2020-12-28,"PIT",0
2020-12-28,"SEA",0
2020-12-28,"SF",0
2020-12-28,"TB",0
2020-12-28,"TEN",0
2020-12-28,"WAS",0
2020-12-29,"ARI",0
2020-12-29,"ATL",0
2020-12-29,"BAL",0
2020-12-29,"BUF",0
2020-12-29,"CAR",0
2020-12-29,"CHI",0
2020-12-29,"CIN",0
2020-12-29,"CLE",0
2020-12-29,"DAL",0
2020-12-29,"DEN",0
2020-12-29,"DET",0
2020-12-29,"GB",0
2020-12-29,"HOU",0
2020-12-29,"IND",0
2020-12-29,"JAX",0
2020-12-29,"KC",0
2020-12-29,"LAC",0
2020-12-29,"LAR",0
2020-12-29,"LV",0
2020-12-29,"MIA",0
2020-12-29,"MIN",0
2020-12-29,"NE",0
2020-12-29,"NO",0
2020-12-29,"NYG",0
2020-12-29,"NYJ",0
2020-12-29,"PHI",0
2020-12-29,"PIT",0
2020-12-29,"SEA",0
2020-12-29,"SF",0
2020-12-29,"TB",0
2020-12-29,"TEN",0
2020-12-29,"WAS",0
2020-12-30,"ARI",0
2020-12-30,"ATL",0
2020-12-30,"BAL",0
2020-12-30,"BUF",0
2020-12-30,"CAR",0
2020-12-30,"CHI",0
2020-12-30,"CIN",0
2020-12-30,"CLE",0
2020-12-30,"DAL",0
2020-12-30,"DEN",0
2020-12-30,"DET",0
2020-12-30,"GB",0
2020-12-30,"HOU",0
2020-12-30,"IND",0
2020-12-30,"JAX",0
2020-12-30,"KC",0
2020-12-30,"LAC",0
2020-12-30,"LAR",0
2020-12-30,"LV",0
2020-12-30,"MIA",0
2020-12-30,"MIN",0
2020-12-30,"NE",0
2020-12-30,"NO",0
2020-12-30,"NYG",0
2020-12-30,"NYJ",0
2020-12-30,"PHI",0
2020-12-30,"PIT",0
2020-12-30,"SEA",0
2020-12-30,"SF",0
2020-12-30,"TB",0
2020-12-30,"TEN",0
2020-12-30,"WAS",0
2020-12-31,"ARI",0
2020-12-31,"ATL",0
2020-12-31,"BAL",0
2020-12-31,"BUF",0
2020-12-31,"CAR",0
2020-12-31,"CHI",0
2020-12-31,"CIN",0
2020-12-31,"CLE",0
2020-12-31,"DAL",0
2020-12-31,"DEN",0
2020-12-31,"DET",0
2020-12-31,"GB",0
2020-12-31,"HOU",0
2020-12-31,"IND",0
2020-12-31,"JAX",0
2020-12-31,"KC",0
2020-12-31,"LAC",0
2020-12-31,"LAR",0
2020-12-31,"LV",0
2020-12-31,"MIA",0
2020-12-31,"MIN",0
2020-12-31,"NE",0
2020-12-31,"NO",0
2020-12-31,"NYG",0
2020-12-31,"NYJ",0
2020-12-31,"PHI",0
2020-12-31,"PIT",0
2020-12-31,"SEA",0
2020-12-31,"SF",0
2020-12-31,"TB",0
2020-12-31,"TEN",0
2020-12-31,"WAS",0
2021-01-01,"ARI",0
2021-01-01,"ATL",0
2021-01-01,"BAL",0
2021-01-01,"BUF",0
2021-01-01,"CAR",0
2021-01-01,"CHI",0
2021-01-01,"CIN",0
2021-01-01,"CLE",0
2021-01-01,"DAL",0
2021-01-01,"DEN",0
2021-01-01,"DET",0
2021-01-01,"GB",0
2021-01-01,"HOU",0
2021-01-01,"IND",0
2021-01-01,"JAX",0
2021-01-01,"KC",0
2021-01-01,"LAC",0
2021-01-01,"LAR",0
2021-01-01,"LV",0
2021-01-01,"MIA",0
2021-01-01,"MIN",0
2021-01-01,"NE",0
2021-01-01,"NO",0
2021-01-01,"NYG",0
2021-01-01,"NYJ",0
2021-01-01,"PHI",0
2021-01-01,"PIT",0
2021-01-01,"SEA",0
2021-01-01,"SF",0
2021-01-01,"TB",0
2021-01-01,"TEN",0
2021-01-01,"WAS",0
2021-01-02,"ARI",0
2021-01-02,"ATL",0
2021-01-02,"BAL",0
2021-01-02,"BUF",0
2021-01-02,"CAR",0
2021-01-02,"CHI",0
2021-01-02,"CIN",0
2021-01-02,"CLE",0
2021-01-02,"DAL",0
2021-01-02,"DEN",0
2021-01-02,"DET",0
2021-01-02,"GB",0
2021-01-02,"HOU",0
2021-01-02,"IND",0
2021-01-02,"JAX",0
2021-01-02,"KC",0
2021-01-02,"LAC",0
2021-01-02,"LAR",0
2021-01-02,"LV",0
2021-01-02,"MIA",0
2021-01-02,"MIN",0
2021-01-02,"NE",0
2021-01-02,"NO",0
2021-01-02,"NYG",0
2021-01-02,"NYJ",0
2021-01-02,"PHI",0
2021-01-02,"PIT",0
2021-01-02,"SEA",0
2021-01-02,"SF",0
2021-01-02,"TB",0
2021-01-02,"TEN",0
2021-01-02,"WAS",0
